iid,gender,race,imp_same_race,imp_same_rel,goal,go_date,go_out,pf_att,pf_sin,pf_int,pf_fun,pf_amb,pf_sha,attr,sinc,fun,int,amb,mean_age_diff_rec,mean_age_diff_cand
1,Female,Asian/Pacific Islander/Asian-American,2.0,4.0,To meet new people,Almost never,Several times a week,15.0,20.0,20.0,15.0,15.0,15.0,6.0,8.0,8.0,8.0,7.0,0.12,0.4
2,Female,European/Caucasian-American,2.0,5.0,Seemed like a fun night out,Once a month,Several times a week,45.0,5.0,25.0,20.0,0.0,5.0,7.0,5.0,10.0,8.0,3.0,0.17,0.37
3,Female,European/Caucasian-American,8.0,4.0,Other,Once a week,Several times a week,35.0,10.0,35.0,10.0,10.0,0.0,8.0,9.0,8.0,9.0,8.0,0.4,0.44
4,Female,European/Caucasian-American,1.0,1.0,Seemed like a fun night out,Once a month,Several times a week,20.0,20.0,20.0,20.0,10.0,10.0,7.0,8.0,9.0,7.0,8.0,0.1,0.37
5,Female,European/Caucasian-American,8.0,1.0,To meet new people,Twice a month,Several times a week,20.0,5.0,25.0,25.0,10.0,15.0,6.0,3.0,6.0,10.0,8.0,0.12,0.4
6,Female,Asian/Pacific Islander/Asian-American,1.0,1.0,Seemed like a fun night out,Once a week,Several times a week,10.0,25.0,20.0,25.0,5.0,15.0,5.0,7.0,8.0,9.0,5.0,0.1,0.37
7,Female,Asian/Pacific Islander/Asian-American,2.0,4.0,Seemed like a fun night out,Once a month,Several times a week,15.0,15.0,25.0,20.0,15.0,10.0,6.0,6.0,5.0,7.0,7.0,0.04,0.4
8,Female,European/Caucasian-American,1.0,1.0,Seemed like a fun night out,Once a month,Several times a week,9.09,18.18,27.27,18.18,18.18,9.09,7.0,4.0,8.0,8.0,8.0,0.4,0.44
9,Female,Other,1.0,1.0,Seemed like a fun night out,Twice a month,Several times a week,20.0,10.0,20.0,30.0,10.0,10.0,7.0,6.0,10.0,7.0,7.0,0.67,0.47
10,Female,European/Caucasian-American,4.0,4.0,To meet new people,Several times a year,Several times a week,15.0,15.0,15.0,40.0,10.0,5.0,6.0,8.0,10.0,6.0,9.0,0.56,0.47
11,Male,European/Caucasian-American,7.0,3.0,Seemed like a fun night out,Once a month,Twice a month,35.0,20.0,20.0,20.0,0.0,5.0,8.0,9.0,7.0,8.0,5.0,0.13,0.48
12,Male,European/Caucasian-American,1.0,1.0,Seemed like a fun night out,Several times a week,Several times a week,60.0,0.0,0.0,40.0,0.0,0.0,9.0,9.0,9.0,10.0,9.0,0.33,0.5
13,Male,Asian/Pacific Islander/Asian-American,3.0,5.0,To meet new people,Almost never,Several times a week,19.0,18.0,19.0,18.0,14.0,12.0,4.0,7.0,8.0,8.0,3.0,0.25,0.5
14,Male,European/Caucasian-American,1.0,1.0,To meet new people,Twice a month,Several times a week,30.0,5.0,15.0,40.0,5.0,5.0,9.0,9.0,9.0,9.0,9.0,0.11,0.53
15,Male,Latino/Hispanic American,3.0,1.0,Seemed like a fun night out,Twice a month,Several times a week,30.0,10.0,20.0,10.0,10.0,20.0,7.0,7.0,7.0,9.0,9.0,0.22,0.53
16,Male,European/Caucasian-American,9.0,2.0,Seemed like a fun night out,Once a month,Several times a week,50.0,0.0,30.0,10.0,0.0,10.0,6.0,6.0,8.0,8.0,6.0,0.17,0.45
17,Male,European/Caucasian-American,1.0,1.0,To get a date,Once a week,Twice a week,35.0,15.0,25.0,10.0,5.0,10.0,7.0,7.0,6.0,8.0,4.0,0.13,0.48
18,Male,European/Caucasian-American,8.0,8.0,Seemed like a fun night out,Several times a year,Several times a week,33.33,11.11,11.11,11.11,11.11,22.22,6.0,8.0,6.0,8.0,9.0,0.2,0.48
19,Male,European/Caucasian-American,1.0,1.0,Looking for a serious relationship,Several times a week,Several times a week,50.0,0.0,25.0,10.0,0.0,15.0,10.0,6.0,10.0,10.0,10.0,0.2,0.48
20,Male,European/Caucasian-American,1.0,1.0,Seemed like a fun night out,Several times a week,Several times a week,100.0,0.0,0.0,0.0,0.0,0.0,7.0,7.0,10.0,10.0,10.0,0.33,0.53
21,Female,Asian/Pacific Islander/Asian-American,8.0,10.0,Other,Almost never,Twice a month,12.0,18.0,20.0,16.0,16.0,18.0,5.0,9.0,7.0,9.0,10.0,0.33,0.49
22,Female,Black/African American,1.0,2.0,Seemed like a fun night out,Several times a year,Twice a week,20.0,20.0,20.0,10.0,10.0,20.0,7.0,8.0,7.0,8.0,7.0,0.39,0.45
23,Female,Asian/Pacific Islander/Asian-American,9.0,6.0,Seemed like a fun night out,Several times a week,Several times a week,10.0,20.0,40.0,10.0,10.0,10.0,5.0,8.0,6.0,7.0,8.0,0.33,0.49
24,Female,European/Caucasian-American,2.0,3.0,To meet new people,Several times a year,Twice a month,10.0,20.0,20.0,15.0,20.0,15.0,7.0,9.0,9.0,8.0,8.0,0.39,0.45
25,Female,European/Caucasian-American,10.0,2.0,Seemed like a fun night out,Once a month,Twice a week,20.0,20.0,15.0,15.0,15.0,15.0,7.0,9.0,7.0,8.0,6.0,0.33,0.46
26,Female,European/Caucasian-American,2.0,4.0,Seemed like a fun night out,Once a month,Twice a week,20.0,20.0,20.0,15.0,15.0,10.0,7.0,8.0,8.0,8.0,8.0,0.14,0.4
27,Female,Latino/Hispanic American,1.0,5.0,Seemed like a fun night out,Several times a year,Twice a week,17.0,10.0,18.0,20.0,25.0,10.0,6.0,6.0,7.0,7.0,7.0,0.25,0.45
29,Female,European/Caucasian-American,4.0,5.0,Seemed like a fun night out,Several times a year,Several times a week,20.0,22.0,18.0,15.0,15.0,10.0,6.0,9.0,8.0,7.0,8.0,0.25,0.45
30,Female,European/Caucasian-American,2.0,4.0,Seemed like a fun night out,Almost never,Twice a week,10.0,20.0,20.0,20.0,20.0,10.0,7.0,8.0,9.0,8.0,8.0,0.14,0.4
31,Female,European/Caucasian-American,4.0,8.0,Seemed like a fun night out,Twice a month,Once a week,35.0,10.0,20.0,20.0,10.0,5.0,8.0,8.0,9.0,8.0,9.0,0.11,0.41
32,Female,Asian/Pacific Islander/Asian-American,1.0,1.0,Seemed like a fun night out,Twice a month,Twice a week,50.0,0.0,50.0,0.0,0.0,0.0,7.0,5.0,9.0,9.0,7.0,0.33,0.45
33,Female,European/Caucasian-American,4.0,8.0,Other,Several times a year,Several times a week,30.0,20.0,30.0,10.0,0.0,10.0,6.0,8.0,6.0,8.0,8.0,0.26,0.51
34,Female,Asian/Pacific Islander/Asian-American,2.0,2.0,Seemed like a fun night out,Several times a year,Twice a week,30.0,5.0,30.0,15.0,15.0,5.0,7.0,7.0,7.0,7.0,8.0,0.33,0.49
35,Female,European/Caucasian-American,9.0,7.0,Seemed like a fun night out,Several times a year,Once a week,20.0,23.0,23.0,22.0,7.0,5.0,8.0,9.0,9.0,9.0,7.0,0.33,0.46
36,Female,European/Caucasian-American,7.0,8.0,To meet new people,Once a month,Twice a week,20.0,25.0,20.0,15.0,15.0,5.0,8.0,7.0,8.0,8.0,6.0,0.4,0.49
37,Female,European/Caucasian-American,5.0,8.0,To meet new people,Several times a year,Twice a week,10.0,10.0,30.0,25.0,10.0,15.0,7.0,8.0,7.0,9.0,5.0,0.39,0.45
38,Female,Black/African American,8.0,1.0,Seemed like a fun night out,Twice a month,Once a week,50.0,10.0,20.0,10.0,10.0,0.0,8.0,2.0,7.0,8.0,8.0,0.14,0.4
39,Female,Latino/Hispanic American,6.0,4.0,To say I did it,Several times a year,Twice a month,20.0,20.0,20.0,15.0,15.0,10.0,6.0,9.0,6.0,8.0,7.0,0.11,0.41
40,Male,Asian/Pacific Islander/Asian-American,9.0,6.0,To meet new people,Almost never,Almost never,25.0,20.0,25.0,20.0,10.0,0.0,3.0,10.0,8.0,9.0,5.0,0.33,0.44
41,Male,Asian/Pacific Islander/Asian-American,1.0,1.0,To meet new people,Several times a year,Once a month,30.0,20.0,10.0,30.0,0.0,10.0,5.0,7.0,5.0,8.0,5.0,0.59,0.63
42,Male,Asian/Pacific Islander/Asian-American,1.0,6.0,To meet new people,Almost never,Twice a month,20.0,25.0,20.0,15.0,10.0,10.0,6.0,9.0,6.0,8.0,4.0,0.24,0.32
43,Male,European/Caucasian-American,1.0,1.0,Other,Several times a year,Once a week,25.0,35.0,30.0,10.0,0.0,0.0,3.0,8.0,3.0,7.0,2.0,0.22,0.35
44,Male,European/Caucasian-American,3.0,3.0,Seemed like a fun night out,Once a week,Several times a week,25.0,15.0,25.0,25.0,15.0,15.0,7.0,9.0,8.0,9.0,9.0,0.33,0.35
45,Male,European/Caucasian-American,6.0,6.0,To meet new people,Several times a year,Once a week,25.0,15.0,25.0,15.0,0.0,20.0,7.0,8.0,6.0,8.0,7.0,0.39,0.48
46,Male,European/Caucasian-American,2.0,3.0,To meet new people,Several times a year,Twice a week,20.0,35.0,20.0,10.0,10.0,5.0,7.0,8.0,5.0,7.0,7.0,0.4,0.51
47,Male,European/Caucasian-American,2.0,2.0,Seemed like a fun night out,Several times a year,Several times a week,20.0,20.0,25.0,25.0,5.0,5.0,8.0,7.0,9.0,9.0,3.0,0.33,0.63
48,Male,European/Caucasian-American,9.0,2.0,Seemed like a fun night out,Once a month,Twice a week,30.0,15.0,25.0,25.0,5.0,0.0,7.0,9.0,6.0,7.0,6.0,0.25,0.33
49,Male,Asian/Pacific Islander/Asian-American,1.0,3.0,Seemed like a fun night out,Once a week,Twice a week,20.0,20.0,20.0,20.0,5.0,15.0,7.0,10.0,10.0,10.0,8.0,0.33,0.44
50,Male,Black/African American,4.0,4.0,Other,Several times a year,Twice a week,35.0,10.0,20.0,15.0,10.0,10.0,8.0,9.0,9.0,10.0,8.0,0.39,0.5
51,Male,European/Caucasian-American,5.0,10.0,Seemed like a fun night out,Once a month,Once a week,25.0,10.0,35.0,15.0,0.0,15.0,6.0,8.0,2.0,10.0,2.0,0.05,0.32
52,Male,European/Caucasian-American,10.0,9.0,Seemed like a fun night out,Twice a month,Several times a week,15.0,20.0,15.0,30.0,5.0,15.0,5.0,8.0,6.0,8.0,7.0,0.26,0.37
53,Male,European/Caucasian-American,2.0,2.0,To meet new people,Several times a year,Twice a week,40.0,15.0,20.0,10.0,5.0,10.0,8.0,9.0,8.0,8.0,8.0,0.39,0.48
54,Male,European/Caucasian-American,1.0,1.0,To say I did it,Once a month,Several times a week,40.0,20.0,20.0,20.0,0.0,0.0,8.0,9.0,8.0,8.0,8.0,0.39,0.48
55,Male,Black/African American,1.0,1.0,Other,Twice a month,Twice a week,20.0,25.0,25.0,10.0,10.0,10.0,6.0,10.0,10.0,9.0,10.0,0.05,0.32
56,Female,European/Caucasian-American,10.0,9.0,Seemed like a fun night out,Once a week,Several times a week,17.0,18.0,18.0,15.0,17.0,15.0,10.0,10.0,9.0,8.0,5.0,0.27,0.32
57,Female,European/Caucasian-American,10.0,10.0,To get a date,Once a month,Twice a week,10.0,20.0,20.0,20.0,15.0,15.0,6.0,10.0,10.0,9.0,10.0,0.38,0.4
60,Female,Other,3.0,10.0,Looking for a serious relationship,Several times a year,Twice a week,5.0,20.0,25.0,15.0,15.0,20.0,7.0,9.0,9.0,9.0,9.0,0.38,0.55
61,Female,European/Caucasian-American,1.0,5.0,Seemed like a fun night out,Once a month,Twice a week,15.0,15.0,20.0,15.0,15.0,20.0,7.0,10.0,7.0,10.0,7.0,0.29,0.51
62,Female,Latino/Hispanic American,1.0,1.0,To meet new people,Almost never,Twice a week,30.0,10.0,20.0,20.0,10.0,10.0,9.0,9.0,9.0,9.0,9.0,0.4,0.52
63,Female,Asian/Pacific Islander/Asian-American,1.0,3.0,To get a date,Several times a year,Several times a week,5.0,15.0,45.0,25.0,0.0,10.0,6.0,8.0,9.0,8.0,7.0,0.2,0.48
64,Female,Asian/Pacific Islander/Asian-American,6.0,3.0,To meet new people,Several times a year,Once a month,10.0,25.0,25.0,10.0,10.0,20.0,8.0,8.0,6.0,9.0,9.0,0.17,0.5
65,Female,Other,6.0,3.0,To meet new people,Once a month,Once a week,17.0,17.0,17.0,17.0,17.0,15.0,7.0,9.0,9.0,8.0,9.0,0.27,0.32
66,Male,Latino/Hispanic American,1.0,1.0,To meet new people,Several times a year,Twice a month,20.0,25.0,15.0,15.0,53.0,20.0,6.0,7.0,7.0,8.0,8.0,0.43,0.54
67,Male,Other,1.0,1.0,Other,Once a month,Twice a week,20.0,15.0,20.0,20.0,5.0,10.0,5.0,7.0,6.0,7.0,7.0,0.33,0.46
68,Male,Black/African American,1.0,1.0,To say I did it,Twice a month,Once a week,21.0,17.0,22.0,20.0,8.0,13.0,6.0,8.0,7.0,8.0,8.0,0.33,0.5
69,Male,European/Caucasian-American,2.0,2.0,Other,Several times a year,Several times a week,50.0,10.0,30.0,10.0,0.0,0.0,5.0,9.0,5.0,8.0,8.0,0.33,0.5
70,Male,European/Caucasian-American,5.0,1.0,To say I did it,Twice a week,Several times a week,25.0,10.0,20.0,20.0,15.0,10.0,8.0,6.0,8.0,9.0,6.0,0.33,0.56
71,Male,European/Caucasian-American,6.0,7.0,To say I did it,Several times a year,Twice a week,60.0,15.0,0.0,15.0,0.0,10.0,6.0,8.0,8.0,10.0,10.0,0.33,0.46
72,Male,European/Caucasian-American,8.0,1.0,To say I did it,Several times a year,Several times a week,21.0,20.0,19.0,20.0,10.0,10.0,7.0,9.0,8.0,8.0,8.0,0.33,0.46
73,Male,European/Caucasian-American,7.0,3.0,Other,Twice a month,Twice a week,30.0,10.0,20.0,30.0,0.0,10.0,7.0,7.0,8.0,7.0,8.0,0.33,0.46
74,Male,European/Caucasian-American,3.0,1.0,To say I did it,Almost never,Twice a week,30.0,0.0,30.0,30.0,10.0,0.0,7.0,9.0,9.0,8.0,7.0,0.11,0.42
75,Male,Other,3.0,3.0,Other,Once a month,Once a week,20.0,20.0,20.0,20.0,10.0,10.0,7.0,7.0,8.0,8.0,8.0,0.2,0.45
76,Female,European/Caucasian-American,5.0,7.0,To meet new people,Almost never,Twice a week,10.0,10.0,30.0,20.0,10.0,20.0,6.0,6.0,6.0,8.0,4.0,0.18,0.51
77,Female,European/Caucasian-American,2.0,2.0,Seemed like a fun night out,Twice a month,Twice a week,15.0,20.0,20.0,20.0,15.0,10.0,6.0,8.0,8.0,8.0,8.0,0.2,0.3
78,Female,Latino/Hispanic American,1.0,4.0,To meet new people,Almost never,Once a week,10.0,25.0,20.0,10.0,20.0,15.0,3.0,10.0,3.0,8.0,8.0,0.13,0.23
79,Female,Asian/Pacific Islander/Asian-American,8.0,8.0,To meet new people,Almost never,Several times a week,10.0,20.0,15.0,20.0,20.0,15.0,7.0,9.0,8.0,7.0,7.0,0.03,0.22
80,Female,Asian/Pacific Islander/Asian-American,3.0,1.0,Seemed like a fun night out,Once a month,Twice a month,10.0,20.0,20.0,10.0,20.0,20.0,8.0,8.0,8.0,8.0,8.0,0.22,0.24
81,Female,European/Caucasian-American,6.0,9.0,To say I did it,Once a month,Twice a week,10.0,10.0,20.0,20.0,20.0,20.0,8.0,7.0,8.0,7.0,7.0,0.09,0.28
82,Female,Other,2.0,7.0,Seemed like a fun night out,Once a week,Twice a week,20.0,20.0,20.0,20.0,10.0,10.0,8.0,9.0,8.0,8.0,7.0,0.1,0.23
83,Female,Latino/Hispanic American,1.0,5.0,To meet new people,Several times a year,Several times a week,10.0,32.0,20.0,12.0,11.0,15.0,5.0,9.0,9.0,5.0,5.0,0.15,0.5
84,Female,Latino/Hispanic American,1.0,1.0,To meet new people,Twice a month,Several times a week,30.0,30.0,30.0,5.0,0.0,5.0,7.0,9.0,7.0,8.0,5.0,0.33,0.53
85,Female,European/Caucasian-American,3.0,5.0,To meet new people,Several times a year,Twice a month,20.0,25.0,15.0,15.0,15.0,10.0,7.0,9.0,9.0,8.0,9.0,0.15,0.48
86,Female,European/Caucasian-American,1.0,1.0,To meet new people,Almost never,Several times a week,15.0,20.0,20.0,20.0,5.0,20.0,7.0,9.0,9.0,9.0,4.0,0.2,0.3
87,Female,European/Caucasian-American,8.0,10.0,Seemed like a fun night out,Once a week,Twice a week,15.0,15.0,20.0,15.0,15.0,20.0,9.0,9.0,9.0,9.0,9.0,0.2,0.23
88,Female,European/Caucasian-American,8.0,7.0,Seemed like a fun night out,Twice a month,Twice a month,15.0,15.0,20.0,15.0,20.0,15.0,9.0,9.0,9.0,9.0,9.0,0.09,0.23
89,Female,European/Caucasian-American,3.0,2.0,Seemed like a fun night out,Almost never,Once a week,25.0,15.0,20.0,20.0,20.0,0.0,8.0,9.0,8.0,9.0,10.0,0.14,0.24
90,Female,Asian/Pacific Islander/Asian-American,4.0,1.0,To meet new people,Almost never,Almost never,15.0,21.0,18.0,18.0,10.0,18.0,5.0,8.0,5.0,7.0,5.0,0.13,0.23
91,Female,Other,6.0,8.0,Seemed like a fun night out,Once a week,Twice a week,15.0,3.0,50.0,20.0,2.0,10.0,6.0,7.0,7.0,9.0,8.0,0.1,0.23
92,Female,European/Caucasian-American,1.0,2.0,To say I did it,Several times a year,Several times a week,10.0,20.0,20.0,20.0,20.0,10.0,9.0,10.0,9.0,9.0,9.0,0.17,0.36
93,Female,European/Caucasian-American,2.0,2.0,Seemed like a fun night out,Once a month,Several times a week,14.0,20.0,18.0,24.0,18.0,6.0,8.0,8.0,8.0,8.0,7.0,0.17,0.36
94,Male,Asian/Pacific Islander/Asian-American,6.0,8.0,To meet new people,Several times a year,Once a week,20.0,20.0,20.0,10.0,10.0,20.0,6.0,9.0,9.0,9.0,7.0,0.29,0.5
95,Male,European/Caucasian-American,7.0,5.0,Seemed like a fun night out,Once a month,Twice a week,18.0,18.0,18.0,19.0,13.0,14.0,7.0,9.0,8.0,10.0,7.0,0.19,0.36
96,Male,Latino/Hispanic American,3.0,6.0,Seemed like a fun night out,Almost never,Several times a week,10.0,20.0,20.0,22.0,6.0,22.0,7.0,9.0,9.0,9.0,9.0,0.19,0.36
97,Male,European/Caucasian-American,4.0,1.0,To meet new people,Once a month,Twice a week,50.0,7.0,20.0,23.0,0.0,0.0,7.0,5.0,7.0,6.0,6.0,0.14,0.55
98,Male,European/Caucasian-American,1.0,1.0,Looking for a serious relationship,Twice a month,Twice a week,40.0,20.0,15.0,20.0,0.0,5.0,8.0,8.0,8.0,8.0,8.0,0.23,0.63
99,Male,European/Caucasian-American,1.0,1.0,To get a date,Once a week,Twice a week,30.0,30.0,20.0,10.0,10.0,0.0,10.0,10.0,10.0,10.0,8.0,0.38,0.5
100,Male,Other,8.0,9.0,Seemed like a fun night out,Once a week,Twice a week,20.0,25.0,25.0,15.0,5.0,10.0,7.0,8.0,8.0,9.0,6.0,0.5,0.55
101,Male,Asian/Pacific Islander/Asian-American,3.0,2.0,To get a date,Twice a month,Once a week,40.0,8.0,10.0,12.0,10.0,20.0,8.0,8.0,8.0,9.0,9.0,0.15,0.37
102,Male,European/Caucasian-American,2.0,6.0,Seemed like a fun night out,Twice a month,Twice a month,30.0,10.0,30.0,20.0,10.0,0.0,8.0,5.0,7.0,10.0,9.0,0.33,0.57
103,Male,European/Caucasian-American,8.0,9.0,To meet new people,Twice a month,Several times a week,40.0,5.0,20.0,10.0,10.0,15.0,8.0,8.0,8.0,9.0,9.0,0.19,0.36
104,Male,European/Caucasian-American,6.0,8.0,To meet new people,Once a month,Once a week,20.0,15.0,25.0,15.0,20.0,5.0,9.0,8.0,7.0,9.0,9.0,0.21,0.41
105,Male,Black/African American,1.0,1.0,To meet new people,Almost never,Several times a week,30.0,15.0,20.0,20.0,0.0,5.0,8.0,7.0,9.0,8.0,6.0,0.23,0.34
106,Male,Latino/Hispanic American,1.0,3.0,To say I did it,Almost never,Once a week,10.0,20.0,35.0,10.0,5.0,20.0,4.0,7.0,3.0,9.0,2.0,0.15,0.37
107,Male,European/Caucasian-American,1.0,1.0,Seemed like a fun night out,Twice a month,Several times a week,19.0,24.0,21.0,23.0,5.0,8.0,7.0,9.0,9.0,9.0,6.0,0.15,0.37
108,Male,European/Caucasian-American,1.0,1.0,Seemed like a fun night out,Several times a year,Once a week,10.0,20.0,35.0,20.0,0.0,15.0,4.0,8.0,3.0,7.0,2.0,0.03,0.27
109,Male,Asian/Pacific Islander/Asian-American,1.0,1.0,Seemed like a fun night out,Twice a month,Several times a week,15.0,10.0,30.0,10.0,5.0,30.0,6.0,9.0,8.0,9.0,8.0,0.23,0.34
110,Male,European/Caucasian-American,4.0,6.0,To meet new people,Several times a year,Several times a week,20.0,20.0,15.0,15.0,5.0,25.0,7.0,9.0,8.0,8.0,7.0,0.33,0.5
111,Male,Asian/Pacific Islander/Asian-American,7.0,1.0,To say I did it,Once a month,Several times a week,20.0,20.0,20.0,20.0,10.0,10.0,5.0,8.0,5.0,8.0,5.0,0.38,0.41
112,Female,Other,1.0,1.0,Seemed like a fun night out,Once a week,Several times a week,15.0,15.0,20.0,25.0,10.0,15.0,9.0,10.0,9.0,9.0,9.0,0.67,0.7
113,Female,European/Caucasian-American,3.0,8.0,Seemed like a fun night out,Twice a month,Several times a week,15.0,15.0,25.0,25.0,15.0,5.0,8.0,10.0,10.0,8.0,9.0,0.22,0.37
114,Female,Black/African American,2.0,4.0,To meet new people,Almost never,Twice a month,20.0,20.0,20.0,20.0,10.0,10.0,7.0,9.0,8.0,6.0,7.0,0.83,0.7
115,Female,European/Caucasian-American,10.0,7.0,Seemed like a fun night out,Once a month,Several times a week,20.0,10.0,30.0,20.0,15.0,5.0,8.0,7.0,8.0,9.0,8.0,0.22,0.37
116,Female,European/Caucasian-American,4.0,1.0,Seemed like a fun night out,Several times a week,Several times a week,15.0,15.0,25.0,25.0,20.0,0.0,8.0,9.0,8.0,9.0,9.0,0.22,0.37
117,Female,European/Caucasian-American,8.0,10.0,Seemed like a fun night out,Once a week,Several times a week,20.0,10.0,20.0,20.0,20.0,10.0,8.0,7.0,8.0,8.0,8.0,0.22,0.37
119,Female,Latino/Hispanic American,5.0,2.0,Seemed like a fun night out,Once a week,Several times a week,50.0,15.0,10.0,10.0,10.0,5.0,8.0,10.0,10.0,10.0,10.0,0.67,0.63
120,Female,Latino/Hispanic American,1.0,4.0,To say I did it,Twice a month,Once a week,10.0,10.0,35.0,35.0,8.0,2.0,6.0,8.0,8.0,8.0,9.0,0.67,0.7
121,Female,European/Caucasian-American,8.0,1.0,To say I did it,Almost never,Several times a week,35.0,15.0,5.0,30.0,15.0,0.0,2.0,9.0,9.0,7.0,9.0,0.22,0.37
122,Male,Other,1.0,1.0,Seemed like a fun night out,Once a week,Several times a week,40.0,15.0,10.0,20.0,5.0,10.0,7.0,10.0,8.0,8.0,8.0,0.33,0.28
123,Male,Asian/Pacific Islander/Asian-American,3.0,5.0,To meet new people,Once a month,Several times a week,50.0,10.0,20.0,5.0,5.0,10.0,8.0,7.0,7.0,7.0,8.0,0.67,0.72
124,Male,Asian/Pacific Islander/Asian-American,1.0,1.0,To meet new people,Twice a month,Several times a week,40.0,10.0,10.0,10.0,10.0,20.0,8.0,8.0,10.0,10.0,10.0,0.17,0.28
125,Male,European/Caucasian-American,3.0,1.0,Seemed like a fun night out,Once a week,Several times a week,20.0,15.0,20.0,15.0,12.0,18.0,9.0,6.0,10.0,9.0,10.0,0.17,0.28
126,Male,European/Caucasian-American,7.0,5.0,Looking for a serious relationship,Several times a year,Once a week,25.0,40.0,15.0,10.0,5.0,5.0,9.0,10.0,9.0,9.0,9.0,0.17,0.28
127,Male,European/Caucasian-American,1.0,1.0,Other,Once a month,Several times a week,25.0,25.0,25.0,15.0,5.0,5.0,8.0,8.0,9.0,9.0,8.0,0.17,0.28
128,Male,European/Caucasian-American,3.0,1.0,Seemed like a fun night out,Once a week,Twice a week,40.0,15.0,10.0,20.0,10.0,5.0,8.0,7.0,7.0,8.0,7.0,0.33,0.28
129,Male,European/Caucasian-American,1.0,1.0,To get a date,Once a week,Once a week,40.0,20.0,20.0,20.0,0.0,0.0,8.0,8.0,8.0,8.0,8.0,0.0,0.0
130,Male,Asian/Pacific Islander/Asian-American,4.0,1.0,Seemed like a fun night out,Several times a year,Twice a week,80.0,10.0,10.0,0.0,0.0,0.0,5.0,6.0,6.0,6.0,6.0,0.33,0.67
131,Male,Asian/Pacific Islander/Asian-American,4.0,1.0,To meet new people,Almost never,Once a week,25.0,10.0,20.0,20.0,10.0,15.0,4.0,6.0,4.0,6.0,6.0,0.67,0.72
132,Female,European/Caucasian-American,10.0,1.0,Seemed like a fun night out,Almost never,Twice a week,16.67,16.67,16.67,16.67,16.67,16.67,8.0,10.0,10.0,9.0,10.0,0.04,0.31
133,Female,Asian/Pacific Islander/Asian-American,8.0,6.0,Seemed like a fun night out,Several times a year,Once a month,12.77,19.15,17.02,17.02,14.89,19.15,6.0,8.0,7.0,8.0,7.0,0.15,0.4
134,Female,European/Caucasian-American,8.0,10.0,Seemed like a fun night out,Once a month,Once a week,6.67,20.0,20.0,17.78,20.0,15.56,7.0,8.0,8.0,8.0,8.0,0.15,0.4
135,Female,European/Caucasian-American,9.0,6.0,Seemed like a fun night out,Almost never,Twice a week,18.18,22.73,18.18,13.64,13.64,13.64,9.0,10.0,7.0,9.0,6.0,0.15,0.4
137,Male,Asian/Pacific Islander/Asian-American,1.0,1.0,Seemed like a fun night out,Twice a month,Several times a week,17.39,17.39,15.22,17.39,13.04,19.57,7.0,9.0,8.0,9.0,8.0,0.44,0.5
138,Male,European/Caucasian-American,9.0,6.0,Seemed like a fun night out,Once a week,Twice a week,20.0,20.0,20.0,20.0,6.67,13.33,8.0,8.0,8.0,8.0,8.0,0.42,0.5
139,Male,Asian/Pacific Islander/Asian-American,6.0,1.0,Seemed like a fun night out,Several times a year,Once a week,18.75,16.67,18.75,20.83,12.5,12.5,8.0,8.0,9.0,9.0,6.0,0.42,0.5
140,Male,European/Caucasian-American,5.0,5.0,Seemed like a fun night out,Once a month,Twice a week,18.6,16.28,18.6,18.6,11.63,16.28,7.0,7.0,9.0,8.0,8.0,0.42,0.5
141,Male,Latino/Hispanic American,4.0,4.0,Seemed like a fun night out,Several times a year,Twice a week,20.83,20.83,16.67,16.67,6.25,18.75,7.0,9.0,8.0,8.0,6.0,0.42,0.5
142,Female,European/Caucasian-American,1.0,4.0,Seemed like a fun night out,Once a month,Twice a week,14.29,14.29,21.43,21.43,19.05,9.52,9.0,9.0,9.0,10.0,7.0,0.47,0.4
143,Female,European/Caucasian-American,6.0,2.0,To meet new people,Almost never,Twice a month,8.33,20.83,20.83,14.58,16.67,18.75,7.0,10.0,7.0,8.0,7.0,0.25,0.48
144,Female,European/Caucasian-American,5.0,2.0,Seemed like a fun night out,Once a month,Twice a week,16.0,16.0,16.0,18.0,18.0,16.0,7.0,8.0,8.0,9.0,9.0,0.48,0.48
145,Female,European/Caucasian-American,9.0,7.0,To meet new people,Almost never,Several times a week,11.36,18.18,22.73,18.18,11.36,18.18,5.0,5.0,7.0,9.0,7.0,0.27,0.4
146,Female,European/Caucasian-American,1.0,7.0,Looking for a serious relationship,Almost never,Several times a week,18.18,18.18,18.18,18.18,13.64,13.64,8.0,8.0,8.0,8.0,8.0,0.25,0.48
147,Female,Asian/Pacific Islander/Asian-American,3.0,3.0,To say I did it,Once a month,Several times a week,18.0,18.0,20.0,18.0,16.0,10.0,8.0,7.0,8.0,9.0,7.0,0.33,0.56
148,Female,Asian/Pacific Islander/Asian-American,7.0,4.0,To say I did it,Twice a month,Several times a week,15.09,16.98,16.98,18.87,18.87,13.21,8.0,9.0,9.0,9.0,8.0,0.2,0.43
149,Female,European/Caucasian-American,3.0,3.0,Seemed like a fun night out,Once a month,Twice a week,8.51,19.15,19.15,19.15,19.15,14.89,8.0,8.0,8.0,8.0,8.0,0.22,0.4
150,Female,European/Caucasian-American,3.0,3.0,Looking for a serious relationship,Once a month,Twice a week,12.0,20.0,20.0,20.0,14.0,14.0,7.0,9.0,8.0,9.0,8.0,0.25,0.48
151,Female,European/Caucasian-American,1.0,2.0,To get a date,Once a week,Several times a week,14.55,16.36,18.18,18.18,16.36,16.36,9.0,10.0,10.0,10.0,8.0,0.22,0.4
152,Female,Asian/Pacific Islander/Asian-American,2.0,3.0,Seemed like a fun night out,Twice a month,Once a week,14.0,20.0,20.0,14.0,18.0,14.0,7.0,9.0,8.0,10.0,8.0,0.33,0.43
153,Female,Asian/Pacific Islander/Asian-American,1.0,1.0,To meet new people,Several times a year,Once a week,9.76,19.51,19.51,14.63,19.51,17.07,7.0,7.0,6.0,7.0,6.0,0.22,0.4
154,Female,European/Caucasian-American,8.0,3.0,Other,Twice a month,Several times a week,15.38,17.31,17.31,17.31,17.31,15.38,8.0,9.0,9.0,9.0,9.0,0.33,0.43
155,Female,European/Caucasian-American,5.0,1.0,To meet new people,Once a month,Several times a week,15.09,18.87,18.87,16.98,16.98,13.21,7.0,10.0,6.0,8.0,9.0,0.2,0.43
156,Female,Black/African American,1.0,1.0,To meet new people,Several times a year,Once a week,14.0,18.0,16.0,18.0,18.0,16.0,8.0,10.0,10.0,9.0,10.0,0.33,0.48
157,Female,Asian/Pacific Islander/Asian-American,5.0,3.0,Seemed like a fun night out,Several times a year,Several times a week,14.29,16.33,16.33,18.37,18.37,16.33,7.0,8.0,9.0,8.0,9.0,0.22,0.4
158,Male,European/Caucasian-American,3.0,4.0,Looking for a serious relationship,Several times a year,Twice a week,19.05,19.05,19.05,19.05,9.52,14.29,7.0,9.0,7.0,9.0,6.0,0.33,0.38
159,Male,European/Caucasian-American,7.0,2.0,Seemed like a fun night out,Several times a year,Twice a week,15.91,20.45,20.45,20.45,11.36,11.36,5.0,9.0,8.0,9.0,7.0,0.17,0.29
160,Male,Black/African American,3.0,4.0,To meet new people,Once a month,Twice a week,16.0,18.0,18.0,18.0,14.0,16.0,8.0,8.0,9.0,8.0,9.0,0.11,0.3
161,Male,European/Caucasian-American,6.0,2.0,To meet new people,Twice a month,Twice a week,16.67,18.75,18.75,18.75,18.75,8.33,8.0,7.0,9.0,9.0,7.0,0.23,0.38
162,Male,Asian/Pacific Islander/Asian-American,1.0,1.0,To meet new people,Several times a year,Twice a week,15.22,15.22,19.57,17.39,13.04,19.57,7.0,8.0,7.0,9.0,8.0,0.19,0.26
163,Male,European/Caucasian-American,1.0,1.0,Looking for a serious relationship,Once a week,Once a week,12.0,20.0,20.0,20.0,16.0,12.0,7.0,8.0,8.0,9.0,7.0,0.2,0.28
164,Male,European/Caucasian-American,1.0,1.0,Seemed like a fun night out,Several times a year,Twice a week,20.51,23.08,20.51,17.95,2.56,15.38,7.0,9.0,6.0,9.0,4.0,0.07,0.26
165,Male,European/Caucasian-American,4.0,7.0,To get a date,Several times a year,Once a week,16.67,12.5,20.83,18.75,12.5,18.75,8.0,6.0,7.0,9.0,2.0,0.38,0.47
166,Male,Other,1.0,9.0,To say I did it,Once a month,Twice a week,27.78,19.44,19.44,27.78,2.78,2.78,7.0,7.0,7.0,7.0,7.0,0.17,0.28
167,Male,European/Caucasian-American,1.0,1.0,To meet new people,Several times a year,Twice a week,18.6,13.95,18.6,16.28,16.28,16.28,6.0,7.0,7.0,7.0,5.0,0.21,0.38
168,Male,Asian/Pacific Islander/Asian-American,1.0,1.0,Seemed like a fun night out,Twice a month,Twice a week,11.11,17.78,17.78,17.78,17.78,17.78,5.0,5.0,5.0,5.0,5.0,0.23,0.38
169,Male,European/Caucasian-American,2.0,3.0,To meet new people,Several times a year,Twice a week,17.78,20.0,17.78,15.56,15.56,13.33,7.0,9.0,7.0,8.0,7.0,0.08,0.29
170,Male,Asian/Pacific Islander/Asian-American,2.0,1.0,Seemed like a fun night out,Once a month,Once a week,16.28,20.93,18.6,18.6,13.95,11.63,7.0,8.0,6.0,9.0,8.0,0.12,0.29
171,Male,European/Caucasian-American,1.0,1.0,Seemed like a fun night out,Twice a month,Twice a week,19.57,10.87,19.57,19.57,19.57,10.87,10.0,10.0,10.0,10.0,10.0,0.11,0.3
172,Male,European/Caucasian-American,5.0,7.0,Seemed like a fun night out,Once a week,Several times a week,17.78,17.78,22.22,20.0,15.56,6.67,5.0,6.0,9.0,8.0,9.0,0.15,0.26
173,Male,European/Caucasian-American,5.0,7.0,Seemed like a fun night out,Twice a month,Several times a week,18.37,18.37,20.41,20.41,16.33,6.12,7.0,9.0,9.0,9.0,9.0,0.15,0.38
174,Female,Asian/Pacific Islander/Asian-American,1.0,1.0,Looking for a serious relationship,Once a month,Once a week,9.52,23.81,16.67,16.67,16.67,16.67,9.0,10.0,8.0,8.0,6.0,0.38,0.44
175,Female,Other,5.0,8.0,To meet new people,Once a week,Several times a week,12.24,20.41,16.33,14.29,20.41,16.33,7.0,10.0,8.0,8.0,9.0,0.07,0.23
176,Female,Asian/Pacific Islander/Asian-American,10.0,1.0,To meet new people,Several times a year,Once a week,13.04,21.74,19.57,17.39,15.22,13.04,6.0,9.0,7.0,8.0,6.0,0.48,0.47
177,Female,European/Caucasian-American,8.0,3.0,To meet new people,Once a month,Twice a week,15.09,16.98,16.98,16.98,18.87,15.09,9.0,9.0,8.0,9.0,9.0,0.09,0.28
178,Female,Asian/Pacific Islander/Asian-American,5.0,5.0,To meet new people,Twice a month,Twice a week,15.22,17.39,17.39,17.39,15.22,17.39,9.0,9.0,7.0,8.0,7.0,0.49,0.62
179,Female,Latino/Hispanic American,5.0,1.0,Seemed like a fun night out,Several times a year,Once a week,19.15,21.28,17.02,17.02,12.77,12.77,8.0,10.0,6.0,8.0,10.0,0.43,0.41
180,Female,Asian/Pacific Islander/Asian-American,2.0,2.0,Other,Twice a month,Twice a week,15.38,17.31,17.31,19.23,13.46,17.31,9.0,9.0,10.0,9.0,9.0,0.13,0.25
181,Female,Black/African American,7.0,8.0,Seemed like a fun night out,Once a month,Once a month,15.38,19.23,19.23,17.31,17.31,11.54,9.0,9.0,9.0,9.0,9.0,0.09,0.28
182,Female,Black/African American,7.0,5.0,Seemed like a fun night out,Twice a month,Once a week,16.07,17.86,17.86,17.86,17.86,12.5,8.0,8.0,8.0,8.0,10.0,0.09,0.28
183,Female,European/Caucasian-American,1.0,1.0,Seemed like a fun night out,Almost never,Once a week,20.0,22.5,17.5,22.5,10.0,7.5,9.0,7.0,9.0,9.0,7.0,0.13,0.25
184,Male,European/Caucasian-American,1.0,1.0,To meet new people,Twice a month,Twice a week,16.67,16.67,16.67,16.67,16.67,16.67,6.0,10.0,7.0,9.0,5.0,0.39,0.66
185,Male,Asian/Pacific Islander/Asian-American,3.0,4.0,Seemed like a fun night out,Almost never,Twice a month,16.98,15.09,16.98,16.98,18.87,15.09,10.0,10.0,7.0,8.0,8.0,0.11,0.28
186,Male,Asian/Pacific Islander/Asian-American,4.0,3.0,Seemed like a fun night out,Almost never,Once a week,19.44,19.44,22.22,16.67,11.11,11.11,4.0,8.0,4.0,7.0,6.0,0.09,0.3
187,Male,European/Caucasian-American,10.0,5.0,To meet new people,Twice a month,Several times a week,16.98,16.98,18.87,16.98,13.21,16.98,8.0,9.0,7.0,10.0,7.0,0.14,0.24
188,Male,European/Caucasian-American,1.0,1.0,To meet new people,Once a week,Several times a week,15.56,11.11,22.22,15.56,20.0,15.56,7.0,5.0,7.0,10.0,10.0,0.08,0.3
189,Male,Other,6.0,1.0,Seemed like a fun night out,Several times a year,Twice a week,16.98,16.98,16.98,16.98,16.98,15.09,8.0,8.0,8.0,8.0,9.0,0.29,0.41
190,Male,European/Caucasian-American,1.0,1.0,To meet new people,Almost never,Once a week,15.56,20.0,20.0,20.0,13.33,11.11,7.0,7.0,7.0,7.0,7.0,0.04,0.28
191,Male,European/Caucasian-American,6.0,1.0,To say I did it,Twice a month,Twice a week,20.45,20.45,20.45,18.18,18.18,2.27,7.0,7.0,6.0,7.0,8.0,0.43,0.59
192,Male,European/Caucasian-American,2.0,7.0,Seemed like a fun night out,Several times a year,Twice a week,19.57,19.57,15.22,17.39,15.22,13.04,7.0,10.0,9.0,9.0,10.0,0.09,0.3
193,Male,Asian/Pacific Islander/Asian-American,2.0,2.0,Seemed like a fun night out,Several times a year,Twice a week,20.93,16.28,23.26,16.28,11.63,11.63,7.0,9.0,5.0,10.0,7.0,0.11,0.28
194,Female,European/Caucasian-American,9.0,9.0,To get a date,Once a week,Twice a week,16.0,16.0,20.0,16.0,18.0,14.0,9.0,10.0,8.0,10.0,10.0,0.07,0.21
195,Female,European/Caucasian-American,3.0,9.0,Seemed like a fun night out,Twice a week,Several times a week,15.38,19.23,19.23,19.23,13.46,13.46,9.0,8.0,10.0,10.0,8.0,0.16,0.17
196,Female,Asian/Pacific Islander/Asian-American,1.0,6.0,Seemed like a fun night out,Several times a week,Several times a week,17.65,17.65,17.65,15.69,15.69,15.69,9.0,9.0,9.0,9.0,9.0,0.06,0.19
197,Female,Other,2.0,1.0,Seemed like a fun night out,Twice a month,Once a week,14.0,18.0,20.0,18.0,16.0,14.0,7.0,8.0,9.0,9.0,7.0,0.07,0.21
198,Female,Asian/Pacific Islander/Asian-American,8.0,5.0,To meet new people,Twice a week,Once a week,15.38,19.23,17.31,19.23,9.62,19.23,7.0,9.0,7.0,9.0,7.0,0.04,0.24
199,Female,European/Caucasian-American,2.0,1.0,Looking for a serious relationship,Once a month,Once a week,17.5,17.5,20.0,12.5,20.0,12.5,9.0,7.0,7.0,9.0,9.0,0.33,0.32
200,Female,European/Caucasian-American,1.0,1.0,Seemed like a fun night out,Almost never,Twice a week,13.21,18.87,18.87,16.98,16.98,15.09,8.0,10.0,8.0,8.0,8.0,0.06,0.19
201,Female,European/Caucasian-American,8.0,8.0,Seemed like a fun night out,Twice a month,Twice a week,15.38,17.31,17.31,17.31,17.31,15.38,7.0,8.0,9.0,9.0,8.0,0.06,0.19
202,Female,European/Caucasian-American,8.0,5.0,To meet new people,Several times a year,Twice a week,15.38,19.23,19.23,19.23,15.38,11.54,7.0,10.0,9.0,10.0,8.0,0.05,0.24
203,Female,European/Caucasian-American,4.0,10.0,Other,Several times a year,Twice a week,16.0,20.0,18.0,20.0,18.0,8.0,9.0,8.0,9.0,10.0,7.0,0.05,0.24
204,Female,European/Caucasian-American,8.0,6.0,To get a date,Once a month,Several times a week,19.61,15.69,17.65,15.69,17.65,13.73,9.0,5.0,9.0,10.0,10.0,0.06,0.17
205,Female,European/Caucasian-American,5.0,5.0,Seemed like a fun night out,Almost never,Several times a week,15.38,17.31,19.23,19.23,11.54,17.31,7.0,8.0,9.0,10.0,5.0,0.05,0.24
206,Female,Black/African American,2.0,2.0,Seemed like a fun night out,Once a month,Several times a week,14.58,16.67,20.83,18.75,16.67,12.5,8.0,8.0,8.0,8.0,8.0,0.45,0.42
207,Female,European/Caucasian-American,9.0,5.0,Seemed like a fun night out,Once a week,Several times a week,17.31,13.46,17.31,19.23,19.23,13.46,8.0,8.0,10.0,8.0,9.0,0.05,0.24
208,Female,Black/African American,2.0,1.0,To meet new people,Twice a month,Once a week,11.54,13.46,19.23,19.23,19.23,17.31,9.0,10.0,10.0,10.0,10.0,0.06,0.19
209,Female,Black/African American,7.0,3.0,To get a date,Several times a year,Twice a week,13.04,21.74,17.39,17.39,15.22,15.22,7.0,9.0,8.0,7.0,8.0,0.19,0.2
210,Female,European/Caucasian-American,10.0,4.0,To meet new people,Several times a year,Once a week,20.0,15.56,20.0,15.56,11.11,17.78,8.0,8.0,6.0,9.0,9.0,0.23,0.25
211,Female,European/Caucasian-American,9.0,1.0,To meet new people,Twice a month,Several times a week,16.36,16.36,18.18,18.18,16.36,14.55,7.0,9.0,9.0,9.0,9.0,0.17,0.2
212,Female,Latino/Hispanic American,3.0,6.0,Seemed like a fun night out,Once a month,Twice a week,14.29,18.37,18.37,16.33,18.37,14.29,7.0,9.0,7.0,8.0,9.0,0.16,0.17
213,Female,Latino/Hispanic American,9.0,10.0,To meet new people,Twice a month,Twice a week,15.52,17.24,17.24,17.24,17.24,15.52,8.0,10.0,9.0,9.0,9.0,0.06,0.19
214,Male,European/Caucasian-American,6.0,8.0,Seemed like a fun night out,Several times a year,Twice a week,17.02,21.28,17.02,21.28,14.89,8.51,8.0,10.0,10.0,9.0,8.0,0.25,0.35
215,Male,Asian/Pacific Islander/Asian-American,3.0,1.0,Seemed like a fun night out,Twice a month,Several times a week,14.89,19.15,21.28,19.15,14.89,10.64,7.0,8.0,9.0,9.0,9.0,0.33,0.44
216,Male,European/Caucasian-American,7.0,1.0,To meet new people,Once a month,Once a week,7.5,17.5,20.0,22.5,12.5,20.0,5.0,10.0,9.0,9.0,10.0,0.4,0.5
217,Male,European/Caucasian-American,8.0,1.0,To say I did it,Twice a month,Twice a week,21.28,17.02,21.28,12.77,6.38,21.28,7.0,10.0,7.0,10.0,10.0,0.33,0.44
218,Male,European/Caucasian-American,9.0,5.0,Seemed like a fun night out,Twice a month,Twice a week,20.51,5.13,23.08,12.82,17.95,20.51,7.0,6.0,3.0,10.0,10.0,0.24,0.33
219,Male,European/Caucasian-American,1.0,1.0,Seemed like a fun night out,Once a week,Twice a week,16.28,16.28,18.6,16.28,16.28,16.28,7.0,7.0,6.0,9.0,6.0,0.13,0.44
220,Male,Other,1.0,1.0,Seemed like a fun night out,Once a month,Twice a week,16.67,16.67,16.67,16.67,14.81,18.52,10.0,10.0,10.0,10.0,10.0,0.28,0.33
221,Male,Asian/Pacific Islander/Asian-American,6.0,1.0,To meet new people,Several times a year,Once a week,15.56,17.78,17.78,17.78,17.78,13.33,7.0,9.0,7.0,9.0,9.0,0.4,0.5
222,Male,European/Caucasian-American,8.0,3.0,To meet new people,Several times a year,Once a week,9.52,19.05,23.81,19.05,4.76,23.81,4.0,9.0,7.0,9.0,4.0,0.4,0.5
223,Male,European/Caucasian-American,6.0,6.0,To meet new people,Twice a month,Twice a week,17.39,17.39,19.57,19.57,10.87,15.22,7.0,8.0,7.0,9.0,6.0,0.22,0.5
224,Male,European/Caucasian-American,1.0,3.0,Other,Almost never,Twice a month,17.24,17.24,17.24,17.24,13.79,17.24,8.0,10.0,8.0,8.0,8.0,0.37,0.6
225,Male,Latino/Hispanic American,4.0,9.0,Seemed like a fun night out,Almost never,Twice a week,14.71,14.71,14.71,14.71,20.59,20.59,5.0,9.0,7.0,6.0,7.0,0.22,0.5
226,Male,European/Caucasian-American,1.0,3.0,To meet new people,Once a week,Several times a week,25.64,17.95,15.38,20.51,10.26,10.26,10.0,10.0,10.0,10.0,10.0,0.25,0.35
227,Male,European/Caucasian-American,7.0,7.0,To meet new people,Several times a year,Once a week,20.0,16.0,18.0,16.0,16.0,14.0,7.0,10.0,8.0,10.0,10.0,0.33,0.44
228,Male,Asian/Pacific Islander/Asian-American,1.0,4.0,To get a date,Almost never,Once a week,13.51,18.92,21.62,13.51,13.51,18.92,5.0,8.0,4.0,7.0,8.0,0.24,0.33
229,Male,European/Caucasian-American,7.0,1.0,Seemed like a fun night out,Several times a year,Once a week,21.43,16.67,21.43,16.67,11.9,11.9,8.0,7.0,5.0,10.0,10.0,0.22,0.5
230,Male,European/Caucasian-American,5.0,1.0,To meet new people,Almost never,Once a week,23.81,23.81,23.81,23.81,2.38,2.38,6.0,6.0,6.0,6.0,6.0,0.48,0.6
231,Male,Latino/Hispanic American,1.0,1.0,Seemed like a fun night out,Several times a year,Once a week,18.6,20.93,23.26,23.26,2.33,11.63,8.0,8.0,8.0,9.0,3.0,0.42,0.56
232,Male,European/Caucasian-American,4.0,7.0,To meet new people,Once a month,Twice a month,17.78,17.78,17.78,17.78,13.33,15.56,8.0,8.0,8.0,8.0,6.0,0.48,0.6
233,Male,Asian/Pacific Islander/Asian-American,1.0,1.0,Seemed like a fun night out,Once a week,Twice a week,14.0,20.0,18.0,16.0,14.0,18.0,7.0,8.0,8.0,7.0,8.0,0.33,0.53
234,Female,Other,1.0,5.0,To get a date,Almost never,Once a week,20.0,20.0,20.0,10.0,10.0,20.0,7.0,7.0,8.0,8.0,10.0,0.17,0.42
235,Female,European/Caucasian-American,3.0,1.0,Seemed like a fun night out,Twice a month,Once a week,15.0,15.0,20.0,20.0,20.0,10.0,6.0,9.0,9.0,8.0,9.0,0.17,0.42
236,Female,Asian/Pacific Islander/Asian-American,3.0,3.0,To meet new people,Almost never,Several times a week,15.0,20.0,15.0,20.0,15.0,15.0,7.0,9.0,10.0,8.0,8.0,0.17,0.42
237,Female,European/Caucasian-American,10.0,1.0,To get a date,Almost never,Twice a month,10.0,20.0,20.0,20.0,20.0,10.0,8.0,10.0,7.0,8.0,8.0,0.33,0.58
238,Female,European/Caucasian-American,3.0,5.0,Seemed like a fun night out,Twice a week,Several times a week,15.0,20.0,20.0,15.0,15.0,15.0,10.0,9.0,10.0,9.0,8.0,0.11,0.44
239,Female,European/Caucasian-American,6.0,6.0,To meet new people,Several times a year,Once a week,10.0,25.0,20.0,20.0,5.0,20.0,7.0,9.0,7.0,9.0,4.0,0.33,0.58
240,Female,Asian/Pacific Islander/Asian-American,1.0,1.0,Seemed like a fun night out,Several times a year,Once a week,10.0,30.0,30.0,10.0,10.0,10.0,3.0,8.0,5.0,3.0,6.0,0.0,0.33
241,Female,Asian/Pacific Islander/Asian-American,1.0,1.0,To meet new people,Twice a month,Twice a week,90.0,2.0,2.0,2.0,2.0,2.0,8.0,10.0,8.0,8.0,8.0,0.78,0.7
242,Female,Latino/Hispanic American,3.0,3.0,To get a date,Almost never,Once a week,20.0,20.0,25.0,20.0,5.0,10.0,7.0,9.0,7.0,8.0,4.0,0.0,0.33
243,Male,European/Caucasian-American,2.0,3.0,To meet new people,Several times a year,Twice a week,20.0,20.0,20.0,25.0,5.0,10.0,7.0,9.0,8.0,9.0,5.0,0.24,0.48
244,Male,European/Caucasian-American,8.0,9.0,To meet new people,Once a month,Once a week,20.0,20.0,20.0,10.0,10.0,20.0,7.0,10.0,7.0,10.0,10.0,0.07,0.53
245,Male,European/Caucasian-American,1.0,6.0,Looking for a serious relationship,Once a month,Twice a week,18.0,10.0,30.0,10.0,10.0,22.0,5.0,7.0,6.0,8.0,7.0,0.42,0.46
246,Male,European/Caucasian-American,7.0,1.0,Seemed like a fun night out,Almost never,Several times a year,35.0,20.0,10.0,20.0,10.0,5.0,7.0,8.0,6.0,7.0,6.0,0.17,0.32
247,Male,Asian/Pacific Islander/Asian-American,1.0,1.0,Seemed like a fun night out,Several times a year,Twice a month,20.0,30.0,10.0,15.0,0.0,25.0,5.0,10.0,2.0,8.0,4.0,0.17,0.32
248,Male,Other,1.0,1.0,Seemed like a fun night out,Twice a month,Several times a week,25.0,15.0,20.0,20.0,15.0,5.0,5.0,6.0,8.0,8.0,8.0,0.24,0.48
249,Male,Other,2.0,7.0,To meet new people,Once a week,Several times a week,22.0,22.0,15.0,15.0,5.0,21.0,7.0,9.0,7.0,10.0,7.0,0.53,0.52
250,Male,Other,1.0,1.0,Looking for a serious relationship,Twice a week,Several times a week,20.0,20.0,20.0,20.0,10.0,10.0,10.0,9.0,9.0,10.0,10.0,0.17,0.32
251,Male,Other,2.0,2.0,Other,Twice a month,Several times a week,19.0,19.0,19.0,19.0,19.0,5.0,8.0,10.0,9.0,10.0,9.0,0.53,0.52
252,Female,Latino/Hispanic American,1.0,1.0,Seemed like a fun night out,Several times a year,Twice a week,0.0,25.0,25.0,25.0,25.0,0.0,9.0,9.0,9.0,9.0,10.0,0.24,0.4
253,Female,Asian/Pacific Islander/Asian-American,1.0,1.0,To meet new people,Several times a year,Several times a year,25.0,30.0,10.0,10.0,5.0,20.0,8.0,10.0,9.0,8.0,7.0,0.36,0.53
254,Female,European/Caucasian-American,8.0,3.0,To meet new people,Several times a year,Twice a week,25.0,7.0,25.0,25.0,8.0,10.0,8.0,7.0,8.0,10.0,8.0,0.36,0.36
255,Female,Asian/Pacific Islander/Asian-American,3.0,1.0,Seemed like a fun night out,Almost never,Once a week,16.67,16.67,16.67,16.67,16.67,16.67,6.0,8.0,6.0,7.0,6.0,0.38,0.3
256,Female,Asian/Pacific Islander/Asian-American,6.0,5.0,To meet new people,Several times a year,Twice a month,15.0,25.0,20.0,20.0,10.0,10.0,6.0,9.0,6.0,8.0,6.0,0.3,0.3
257,Female,European/Caucasian-American,5.0,6.0,To meet new people,Once a month,Several times a week,22.0,14.0,30.0,10.0,14.0,10.0,7.0,9.0,7.0,9.0,10.0,0.3,0.3
258,Female,Other,1.0,10.0,Seemed like a fun night out,Several times a year,Several times a week,7.0,35.0,20.0,20.0,5.0,13.0,6.0,10.0,8.0,9.0,5.0,0.37,0.29
259,Female,European/Caucasian-American,2.0,2.0,To meet new people,Almost never,Several times a week,15.0,18.0,19.0,19.0,17.0,12.0,7.0,9.0,8.0,8.0,9.0,0.37,0.29
260,Female,Asian/Pacific Islander/Asian-American,4.0,4.0,To meet new people,Almost never,Once a week,19.0,20.0,19.0,14.0,13.0,15.0,6.0,9.0,7.0,9.0,6.0,0.29,0.34
261,Female,Asian/Pacific Islander/Asian-American,1.0,4.0,Seemed like a fun night out,Almost never,Twice a week,15.0,20.0,20.0,20.0,15.0,10.0,5.0,8.0,7.0,7.0,8.0,0.33,0.3
262,Female,European/Caucasian-American,1.0,10.0,Other,Several times a year,Once a week,10.0,40.0,20.0,20.0,0.0,10.0,6.0,10.0,5.0,9.0,3.0,0.25,0.44
263,Female,Black/African American,9.0,10.0,Seemed like a fun night out,Several times a year,Twice a week,20.0,20.0,20.0,10.0,20.0,10.0,8.0,8.0,8.0,8.0,5.0,0.38,0.3
264,Female,European/Caucasian-American,1.0,3.0,Seemed like a fun night out,Several times a year,Twice a week,15.0,15.0,25.0,20.0,5.0,20.0,8.0,7.0,8.0,9.0,5.0,0.38,0.3
265,Female,European/Caucasian-American,3.0,3.0,Looking for a serious relationship,Once a month,Twice a week,15.0,5.0,45.0,10.0,15.0,10.0,7.0,9.0,7.0,10.0,10.0,0.27,0.54
266,Female,European/Caucasian-American,2.0,2.0,To meet new people,Almost never,Once a week,25.0,20.0,20.0,25.0,0.0,10.0,8.0,8.0,7.0,7.0,4.0,0.24,0.4
267,Female,Asian/Pacific Islander/Asian-American,2.0,2.0,Seemed like a fun night out,Once a week,Once a week,20.0,30.0,10.0,15.0,10.0,15.0,7.0,6.0,5.0,7.0,7.0,0.38,0.3
268,Female,Latino/Hispanic American,1.0,1.0,To say I did it,Several times a year,Several times a week,30.0,20.0,20.0,10.0,15.0,5.0,9.0,9.0,8.0,9.0,9.0,0.3,0.3
269,Female,European/Caucasian-American,4.0,5.0,To meet new people,Several times a year,Twice a week,20.0,10.0,30.0,15.0,15.0,10.0,8.0,8.0,6.0,8.0,7.0,0.3,0.3
270,Female,Asian/Pacific Islander/Asian-American,2.0,4.0,To meet new people,Once a month,Several times a week,16.0,16.0,19.0,17.0,14.0,18.0,5.0,4.0,7.0,8.0,6.0,0.09,0.33
271,Female,European/Caucasian-American,10.0,9.0,To meet new people,Twice a month,Several times a week,10.0,15.0,40.0,15.0,10.0,10.0,9.0,10.0,10.0,9.0,10.0,0.3,0.33
272,Female,European/Caucasian-American,10.0,10.0,To meet new people,Twice a month,Several times a week,25.0,20.0,25.0,25.0,5.0,0.0,9.0,10.0,10.0,9.0,10.0,0.37,0.29
273,Male,European/Caucasian-American,8.0,4.0,To meet new people,Once a month,Twice a week,30.0,25.0,18.0,18.0,4.0,5.0,7.0,10.0,5.0,7.0,7.0,0.43,0.52
274,Male,Latino/Hispanic American,3.0,3.0,To get a date,Twice a month,Twice a week,30.0,10.0,20.0,20.0,10.0,10.0,7.0,7.0,10.0,9.0,9.0,0.19,0.26
275,Male,European/Caucasian-American,1.0,1.0,To meet new people,Twice a month,Once a week,25.0,10.0,25.0,5.0,10.0,25.0,10.0,7.0,6.0,10.0,10.0,0.33,0.36
276,Male,European/Caucasian-American,7.0,3.0,To meet new people,Twice a month,Several times a week,24.0,16.0,28.0,14.0,8.0,10.0,7.0,6.0,7.0,10.0,8.0,0.19,0.29
277,Male,European/Caucasian-American,1.0,1.0,Seemed like a fun night out,Almost never,Once a month,60.0,20.0,0.0,20.0,0.0,0.0,4.0,8.0,8.0,8.0,5.0,0.12,0.26
278,Male,European/Caucasian-American,1.0,1.0,Seemed like a fun night out,Once a week,Several times a week,25.0,15.0,20.0,25.0,10.0,5.0,8.0,8.0,8.0,8.0,8.0,0.37,0.61
279,Male,European/Caucasian-American,7.0,1.0,To get a date,Twice a month,Twice a week,27.0,15.0,28.0,10.0,10.0,10.0,8.0,9.0,6.0,10.0,7.0,0.25,0.26
280,Male,European/Caucasian-American,2.0,1.0,To get a date,Several times a year,Twice a week,25.0,20.0,30.0,15.0,5.0,5.0,5.0,9.0,5.0,8.0,6.0,0.25,0.26
281,Male,European/Caucasian-American,2.0,5.0,Other,Once a month,Once a month,20.0,20.0,20.0,15.0,5.0,20.0,7.0,8.0,6.0,8.0,5.0,0.28,0.4
282,Male,Black/African American,1.0,1.0,Seemed like a fun night out,Twice a month,Once a week,25.0,15.0,20.0,20.0,10.0,10.0,7.0,9.0,9.0,7.0,10.0,0.27,0.31
283,Male,Asian/Pacific Islander/Asian-American,1.0,1.0,Seemed like a fun night out,Twice a month,Twice a week,50.0,10.0,10.0,10.0,10.0,10.0,9.0,9.0,9.0,9.0,9.0,0.28,0.4
284,Male,European/Caucasian-American,1.0,5.0,Seemed like a fun night out,Once a month,Twice a week,25.0,20.0,25.0,20.0,10.0,0.0,7.0,6.0,7.0,8.0,7.0,0.28,0.4
285,Male,Other,1.0,1.0,Looking for a serious relationship,Several times a year,Several times a year,20.0,20.0,25.0,25.0,5.0,5.0,8.0,10.0,10.0,10.0,8.0,0.19,0.26
286,Male,European/Caucasian-American,4.0,7.0,Seemed like a fun night out,Several times a year,Once a week,10.0,15.0,25.0,15.0,15.0,20.0,3.0,6.0,6.0,7.0,7.0,0.33,0.36
287,Male,Asian/Pacific Islander/Asian-American,1.0,1.0,Seemed like a fun night out,Almost never,Once a week,35.0,40.0,5.0,5.0,7.0,8.0,7.0,10.0,5.0,7.0,10.0,0.33,0.36
288,Male,European/Caucasian-American,3.0,5.0,Seemed like a fun night out,Several times a year,Once a week,20.0,20.0,15.0,25.0,10.0,10.0,5.0,8.0,7.0,8.0,7.0,0.28,0.4
289,Male,Asian/Pacific Islander/Asian-American,1.0,2.0,Seemed like a fun night out,Twice a month,Several times a week,20.0,30.0,10.0,20.0,0.0,20.0,4.0,9.0,10.0,8.0,8.0,0.33,0.49
290,Male,European/Caucasian-American,2.0,6.0,To meet new people,Once a month,Twice a week,30.0,10.0,30.0,10.0,5.0,15.0,5.0,4.0,5.0,10.0,9.0,0.42,0.64
291,Male,Asian/Pacific Islander/Asian-American,5.0,5.0,Seemed like a fun night out,Once a week,Twice a week,20.0,20.0,15.0,15.0,12.0,18.0,6.0,9.0,7.0,9.0,9.0,0.28,0.4
292,Male,Black/African American,7.0,1.0,Seemed like a fun night out,Twice a week,Several times a week,20.0,18.0,20.0,17.0,10.0,15.0,8.0,10.0,8.0,10.0,10.0,0.33,0.49
293,Male,Latino/Hispanic American,3.0,7.0,To meet new people,Once a month,Twice a week,23.0,18.0,21.0,18.0,10.0,10.0,7.0,10.0,9.0,9.0,9.0,0.33,0.49
294,Female,Asian/Pacific Islander/Asian-American,1.0,1.0,Seemed like a fun night out,Several times a year,Twice a week,20.0,20.0,35.0,5.0,10.0,10.0,9.0,10.0,7.0,9.0,7.0,0.1,0.44
295,Female,European/Caucasian-American,5.0,7.0,To meet new people,Several times a year,Several times a week,10.0,18.0,20.0,16.0,16.0,20.0,7.0,10.0,8.0,8.0,8.0,0.1,0.44
296,Female,European/Caucasian-American,10.0,10.0,Seemed like a fun night out,Twice a month,Twice a week,15.0,20.0,35.0,15.0,5.0,10.0,8.0,9.0,6.0,10.0,9.0,0.05,0.23
297,Female,European/Caucasian-American,9.0,8.0,To meet new people,Twice a week,Several times a week,25.0,25.0,15.0,15.0,10.0,10.0,8.0,10.0,9.0,8.0,9.0,0.21,0.41
298,Female,European/Caucasian-American,7.0,1.0,To meet new people,Several times a year,Twice a week,10.0,30.0,20.0,10.0,15.0,15.0,7.0,10.0,9.0,10.0,10.0,0.21,0.41
299,Female,Asian/Pacific Islander/Asian-American,1.0,1.0,To meet new people,Several times a year,Twice a week,10.0,40.0,10.0,20.0,10.0,10.0,6.0,9.0,9.0,8.0,9.0,0.27,0.32
300,Female,European/Caucasian-American,1.0,1.0,To meet new people,Several times a year,Twice a week,15.0,20.0,25.0,15.0,15.0,10.0,8.0,9.0,9.0,9.0,10.0,0.33,0.53
301,Female,European/Caucasian-American,3.0,8.0,To meet new people,Twice a month,Several times a week,20.0,20.0,20.0,20.0,10.0,10.0,9.0,9.0,8.0,9.0,8.0,0.19,0.44
302,Female,European/Caucasian-American,8.0,7.0,To meet new people,Once a week,Several times a week,50.0,5.0,20.0,10.0,5.0,10.0,8.0,8.0,8.0,8.0,10.0,0.21,0.41
303,Female,European/Caucasian-American,2.0,1.0,Looking for a serious relationship,Once a month,Several times a week,20.0,25.0,25.0,10.0,15.0,5.0,8.0,10.0,9.0,8.0,6.0,0.19,0.45
304,Female,European/Caucasian-American,1.0,10.0,Seemed like a fun night out,Almost never,Twice a week,5.0,20.0,25.0,25.0,15.0,10.0,6.0,10.0,10.0,8.0,8.0,0.05,0.23
305,Female,Asian/Pacific Islander/Asian-American,6.0,9.0,Seemed like a fun night out,Twice a month,Several times a week,10.0,47.0,16.0,12.0,3.0,12.0,7.0,9.0,8.0,9.0,5.0,0.05,0.38
306,Female,Asian/Pacific Islander/Asian-American,6.0,2.0,Seemed like a fun night out,Several times a year,Once a week,16.0,20.0,19.0,16.0,18.0,11.0,6.0,9.0,8.0,8.0,8.0,0.21,0.41
307,Female,Asian/Pacific Islander/Asian-American,1.0,3.0,To say I did it,Almost never,Twice a week,10.0,20.0,20.0,15.0,20.0,15.0,5.0,8.0,7.0,8.0,8.0,0.19,0.29
308,Male,Asian/Pacific Islander/Asian-American,7.0,3.0,Seemed like a fun night out,Almost never,Twice a week,17.0,19.0,18.0,17.0,11.0,18.0,7.0,10.0,8.0,8.0,7.0,0.42,0.5
309,Male,European/Caucasian-American,5.0,9.0,To get a date,Once a week,Twice a week,20.0,20.0,20.0,20.0,10.0,10.0,7.0,8.0,9.0,9.0,7.0,0.1,0.44
310,Male,European/Caucasian-American,7.0,8.0,Seemed like a fun night out,Once a week,Several times a week,24.0,15.0,20.0,20.0,8.0,13.0,7.0,6.0,8.0,7.0,4.0,0.33,0.4
311,Male,Asian/Pacific Islander/Asian-American,1.0,1.0,To meet new people,Several times a year,Several times a week,50.0,20.0,10.0,10.0,5.0,5.0,9.0,9.0,10.0,9.0,3.0,0.25,0.5
312,Male,European/Caucasian-American,3.0,1.0,To meet new people,Twice a month,Twice a week,25.0,5.0,30.0,15.0,5.0,20.0,8.0,7.0,7.0,9.0,9.0,0.06,0.39
313,Male,European/Caucasian-American,2.0,3.0,Seemed like a fun night out,Twice a month,Several times a week,19.0,13.0,18.0,18.0,10.0,22.0,7.0,8.0,8.0,8.0,6.0,0.42,0.5
314,Male,Other,3.0,1.0,To meet new people,Several times a year,Twice a week,20.0,10.0,30.0,20.0,10.0,10.0,8.0,8.0,8.0,9.0,7.0,0.1,0.44
315,Male,European/Caucasian-American,1.0,4.0,To get a date,Once a month,Once a week,6.67,19.05,42.86,9.52,14.29,7.62,6.0,10.0,6.0,8.0,7.0,0.42,0.5
316,Male,European/Caucasian-American,3.0,3.0,To meet new people,Twice a month,Several times a week,25.0,20.0,15.0,25.0,10.0,5.0,6.0,8.0,7.0,8.0,9.0,0.33,0.4
317,Male,European/Caucasian-American,1.0,1.0,Seemed like a fun night out,Twice a month,Several times a week,50.0,0.0,20.0,20.0,0.0,10.0,7.0,3.0,8.0,8.0,5.0,0.26,0.48
318,Male,Other,1.0,1.0,To meet new people,Several times a year,Several times a week,40.0,30.0,10.0,8.0,2.0,10.0,6.0,10.0,6.0,10.0,10.0,0.25,0.5
319,Male,European/Caucasian-American,2.0,4.0,Other,Almost never,Twice a week,20.0,25.0,20.0,10.0,5.0,20.0,5.0,10.0,6.0,9.0,3.0,0.33,0.41
320,Male,European/Caucasian-American,6.0,8.0,Looking for a serious relationship,Once a month,Once a month,20.0,16.0,16.0,16.0,16.0,16.0,8.0,8.0,9.0,9.0,7.0,0.07,0.54
321,Male,European/Caucasian-American,3.0,3.0,Seemed like a fun night out,Once a month,Several times a week,30.0,15.0,15.0,20.0,10.0,10.0,6.0,8.0,7.0,7.0,8.0,0.25,0.5
322,Female,Asian/Pacific Islander/Asian-American,2.0,1.0,To meet new people,Twice a week,Twice a week,2.0,60.0,15.0,8.0,5.0,10.0,5.0,9.0,8.0,7.0,7.0,0.48,0.49
323,Female,Asian/Pacific Islander/Asian-American,1.0,1.0,To meet new people,Twice a month,Once a week,10.0,20.0,20.0,20.0,10.0,20.0,7.0,9.0,6.0,8.0,3.0,0.33,0.49
324,Female,European/Caucasian-American,8.0,3.0,Seemed like a fun night out,Twice a month,Twice a week,40.0,10.0,15.0,20.0,10.0,5.0,9.0,9.0,9.0,9.0,8.0,0.24,0.51
325,Female,Latino/Hispanic American,2.0,4.0,To meet new people,Several times a year,Twice a week,10.0,20.0,20.0,10.0,10.0,30.0,7.0,9.0,7.0,8.0,8.0,0.76,0.49
326,Female,Black/African American,5.0,5.0,To meet new people,Several times a year,Twice a month,15.0,15.0,15.0,20.0,20.0,15.0,8.0,9.0,6.0,9.0,8.0,0.76,0.49
327,Female,European/Caucasian-American,2.0,7.0,To meet new people,Several times a year,Once a week,15.0,10.0,20.0,20.0,20.0,15.0,7.0,7.0,9.0,8.0,10.0,0.72,0.45
328,Female,European/Caucasian-American,1.0,1.0,To meet new people,Once a week,Several times a week,22.0,12.0,30.0,25.0,10.0,1.0,7.0,10.0,8.0,10.0,10.0,0.76,0.49
329,Female,European/Caucasian-American,1.0,1.0,Other,Several times a year,Twice a week,15.0,22.0,22.0,16.0,15.0,10.0,8.0,9.0,5.0,8.0,8.0,0.72,0.45
330,Female,Asian/Pacific Islander/Asian-American,3.0,3.0,Seemed like a fun night out,Almost never,Once a week,15.0,25.0,15.0,20.0,10.0,15.0,8.0,10.0,9.0,7.0,9.0,0.24,0.51
331,Female,European/Caucasian-American,1.0,1.0,Seemed like a fun night out,Several times a year,Once a week,15.0,15.0,10.0,25.0,10.0,25.0,7.0,9.0,9.0,7.0,4.0,0.76,0.49
332,Male,Asian/Pacific Islander/Asian-American,1.0,1.0,To get a date,Almost never,Twice a month,60.0,10.0,10.0,10.0,5.0,5.0,5.0,10.0,6.0,6.0,10.0,0.21,0.45
333,Male,European/Caucasian-American,5.0,3.0,Seemed like a fun night out,Once a week,Several times a week,50.0,5.0,15.0,20.0,10.0,0.0,7.0,4.0,7.0,9.0,9.0,0.23,0.49
334,Male,Asian/Pacific Islander/Asian-American,1.0,1.0,Seemed like a fun night out,Once a month,Once a week,40.0,10.0,15.0,10.0,10.0,15.0,8.0,7.0,8.0,8.0,9.0,0.29,0.51
335,Male,European/Caucasian-American,1.0,8.0,Seemed like a fun night out,Once a week,Once a week,20.0,10.0,20.0,20.0,15.0,15.0,8.0,7.0,9.0,8.0,8.0,0.15,0.44
336,Male,Latino/Hispanic American,1.0,5.0,Seemed like a fun night out,Once a month,Twice a week,20.0,15.0,30.0,10.0,15.0,10.0,5.0,9.0,7.0,7.0,9.0,0.21,0.47
337,Male,European/Caucasian-American,1.0,1.0,Seemed like a fun night out,Once a month,Once a week,17.0,17.0,17.0,17.0,16.0,16.0,6.0,6.0,6.0,6.0,6.0,0.29,0.43
338,Male,Other,1.0,1.0,Seemed like a fun night out,Twice a month,Twice a week,10.0,20.0,25.0,20.0,20.0,5.0,7.0,9.0,7.0,9.0,10.0,0.29,0.34
341,Female,Asian/Pacific Islander/Asian-American,3.0,10.0,Seemed like a fun night out,Several times a year,Several times a week,20.0,20.0,20.0,20.0,20.0,0.0,7.0,9.0,9.0,7.0,9.0,0.3,0.41
342,Female,Latino/Hispanic American,2.0,1.0,Seemed like a fun night out,Several times a year,Once a week,40.0,15.0,25.0,5.0,15.0,0.0,10.0,10.0,10.0,10.0,10.0,0.44,0.51
343,Female,European/Caucasian-American,5.0,6.0,To get a date,Twice a week,Several times a week,5.0,25.0,20.0,10.0,15.0,25.0,4.0,8.0,6.0,10.0,7.0,0.29,0.39
344,Female,Latino/Hispanic American,1.0,3.0,To get a date,Twice a month,Once a week,15.0,15.0,15.0,20.0,20.0,15.0,7.0,7.0,8.0,8.0,9.0,0.25,0.28
345,Female,European/Caucasian-American,7.0,6.0,To meet new people,Almost never,Twice a month,10.0,20.0,27.0,23.0,15.0,5.0,7.0,9.0,7.0,9.0,7.0,0.13,0.36
347,Female,Black/African American,1.0,1.0,To say I did it,Several times a year,Several times a week,30.0,5.0,10.0,20.0,30.0,5.0,8.0,6.0,10.0,10.0,10.0,0.29,0.28
348,Female,Asian/Pacific Islander/Asian-American,3.0,3.0,To meet new people,Several times a year,Several times a week,15.0,25.0,15.0,15.0,15.0,15.0,6.0,10.0,10.0,10.0,10.0,0.36,0.41
349,Female,European/Caucasian-American,1.0,7.0,Seemed like a fun night out,Twice a month,Twice a week,25.0,20.0,10.0,20.0,20.0,5.0,7.0,8.0,8.0,9.0,7.0,0.52,0.51
350,Female,European/Caucasian-American,9.0,5.0,To meet new people,Almost never,Once a week,12.0,25.0,25.0,8.0,15.0,15.0,7.0,10.0,6.0,8.0,8.0,0.29,0.4
351,Female,Asian/Pacific Islander/Asian-American,1.0,3.0,To meet new people,Once a month,Twice a month,15.0,15.0,30.0,15.0,15.0,10.0,8.0,10.0,7.0,8.0,9.0,0.55,0.59
352,Female,Other,6.0,6.0,To meet new people,Twice a month,Once a week,20.0,20.0,20.0,10.0,10.0,20.0,9.0,10.0,9.0,9.0,8.0,0.28,0.4
353,Female,Asian/Pacific Islander/Asian-American,7.0,7.0,Seemed like a fun night out,Twice a week,Several times a week,15.0,10.0,25.0,25.0,10.0,15.0,6.0,6.0,6.0,6.0,6.0,0.22,0.31
354,Female,European/Caucasian-American,9.0,8.0,Seemed like a fun night out,Several times a year,Several times a week,20.0,10.0,20.0,20.0,20.0,10.0,7.0,7.0,10.0,8.0,8.0,0.21,0.41
355,Female,European/Caucasian-American,10.0,2.0,Seemed like a fun night out,Twice a month,Once a week,50.0,20.0,10.0,5.0,10.0,5.0,6.0,10.0,8.0,8.0,8.0,0.23,0.36
356,Female,European/Caucasian-American,2.0,4.0,Seemed like a fun night out,Almost never,Twice a week,15.0,25.0,20.0,20.0,0.0,20.0,7.0,10.0,8.0,9.0,6.0,0.14,0.26
357,Female,Asian/Pacific Islander/Asian-American,10.0,10.0,Seemed like a fun night out,Twice a month,Twice a week,15.0,20.0,20.0,20.0,20.0,5.0,6.0,10.0,7.0,7.0,6.0,0.24,0.26
358,Female,Asian/Pacific Islander/Asian-American,1.0,1.0,Seemed like a fun night out,Once a month,Once a week,20.0,10.0,25.0,25.0,10.0,10.0,8.0,7.0,8.0,8.0,7.0,0.25,0.28
359,Female,European/Caucasian-American,1.0,5.0,To meet new people,Several times a year,Once a week,9.0,17.0,23.0,15.0,14.0,22.0,7.0,10.0,2.0,9.0,8.0,0.25,0.28
360,Female,Other,8.0,4.0,To meet new people,Several times a year,Twice a week,20.0,30.0,10.0,10.0,10.0,20.0,8.0,10.0,8.0,8.0,8.0,0.3,0.36
361,Male,European/Caucasian-American,5.0,5.0,To meet new people,Several times a year,Several times a year,30.0,20.0,30.0,5.0,5.0,10.0,7.0,7.0,5.0,7.0,9.0,0.19,0.5
362,Male,European/Caucasian-American,1.0,1.0,Seemed like a fun night out,Twice a month,Once a week,20.51,14.53,24.79,17.09,5.98,17.09,7.0,7.0,9.0,8.0,8.0,0.33,0.43
363,Male,Asian/Pacific Islander/Asian-American,1.0,1.0,To get a date,Several times a year,Twice a week,25.0,20.0,20.0,20.0,5.0,10.0,5.0,7.0,8.0,8.0,3.0,0.17,0.36
364,Male,Latino/Hispanic American,6.0,2.0,To get a date,Twice a month,Twice a week,25.0,25.0,25.0,15.0,10.0,0.0,8.0,8.0,8.0,9.0,9.0,0.12,0.4
365,Male,European/Caucasian-American,1.0,1.0,Seemed like a fun night out,Twice a week,Several times a week,31.58,10.53,15.79,21.05,10.53,10.53,8.0,2.0,9.0,9.0,9.0,0.33,0.43
366,Male,European/Caucasian-American,4.0,6.0,Seemed like a fun night out,Twice a month,Several times a week,14.0,18.0,17.0,16.0,15.0,20.0,6.0,8.0,9.0,8.0,10.0,0.29,0.4
367,Male,European/Caucasian-American,6.0,3.0,To get a date,Twice a month,Several times a week,30.0,15.0,20.0,25.0,5.0,5.0,7.0,7.0,8.0,7.0,5.0,0.12,0.4
368,Male,Other,1.0,1.0,Seemed like a fun night out,Twice a month,Twice a week,20.0,10.0,25.0,20.0,10.0,15.0,6.0,8.0,8.0,8.0,7.0,0.15,0.33
369,Male,European/Caucasian-American,1.0,8.0,To meet new people,Once a month,Once a week,17.0,18.0,28.0,27.0,5.0,5.0,6.0,9.0,9.0,10.0,7.0,0.2,0.33
370,Male,European/Caucasian-American,7.0,4.0,To get a date,Twice a month,Several times a week,50.0,10.0,10.0,10.0,10.0,10.0,8.0,6.0,9.0,9.0,9.0,0.17,0.43
371,Male,European/Caucasian-American,3.0,1.0,To say I did it,Almost never,Several times a week,40.0,0.0,10.0,50.0,0.0,0.0,10.0,8.0,10.0,10.0,10.0,0.12,0.4
372,Male,European/Caucasian-American,9.0,7.0,To meet new people,Once a month,Twice a week,30.0,15.0,15.0,20.0,5.0,15.0,7.0,8.0,8.0,9.0,8.0,0.29,0.4
373,Male,Latino/Hispanic American,3.0,1.0,To meet new people,Once a month,Twice a week,75.0,5.0,5.0,10.0,0.0,5.0,9.0,8.0,9.0,9.0,9.0,0.42,0.49
374,Male,Asian/Pacific Islander/Asian-American,6.0,6.0,To meet new people,Twice a month,Twice a week,50.0,10.0,10.0,10.0,5.0,15.0,6.0,7.0,6.0,7.0,7.0,0.33,0.43
375,Male,European/Caucasian-American,3.0,2.0,Seemed like a fun night out,Once a week,Several times a week,30.0,20.0,15.0,15.0,8.0,12.0,8.0,9.0,9.0,8.0,9.0,0.12,0.4
376,Male,Asian/Pacific Islander/Asian-American,10.0,7.0,To meet new people,Once a month,Twice a week,30.0,10.0,15.0,20.0,15.0,10.0,6.0,10.0,8.0,9.0,10.0,0.1,0.33
377,Male,Asian/Pacific Islander/Asian-American,3.0,2.0,Seemed like a fun night out,Once a month,Several times a week,25.0,20.0,10.0,20.0,15.0,10.0,7.0,8.0,8.0,7.0,7.0,0.0,0.34
378,Male,European/Caucasian-American,3.0,2.0,Other,Once a month,Twice a week,25.0,15.0,20.0,20.0,10.0,10.0,6.0,7.0,7.0,9.0,7.0,0.38,0.49
379,Female,European/Caucasian-American,4.0,6.0,To meet new people,Almost never,Twice a week,15.0,15.0,20.0,15.0,15.0,20.0,6.0,9.0,6.0,8.0,9.0,0.33,0.57
380,Female,Black/African American,4.0,8.0,To meet new people,Almost never,Twice a month,20.0,20.0,20.0,15.0,15.0,10.0,4.0,7.0,9.0,9.0,9.0,0.1,0.5
381,Female,European/Caucasian-American,6.0,3.0,To say I did it,Twice a month,Several times a week,20.0,10.0,20.0,35.0,5.0,10.0,7.0,7.0,10.0,9.0,8.0,0.03,0.35
382,Female,European/Caucasian-American,8.0,1.0,To meet new people,Almost never,Once a week,25.0,25.0,25.0,10.0,10.0,5.0,7.0,7.0,7.0,7.0,10.0,0.27,0.36
383,Female,European/Caucasian-American,10.0,5.0,To get a date,Several times a year,Twice a week,25.0,20.0,10.0,20.0,15.0,10.0,7.0,9.0,7.0,6.0,6.0,0.43,0.38
384,Female,European/Caucasian-American,9.0,6.0,To meet new people,Once a month,Once a week,20.0,20.0,20.0,20.0,20.0,0.0,8.0,8.0,9.0,8.0,9.0,0.06,0.38
385,Female,European/Caucasian-American,5.0,8.0,To meet new people,Once a month,Once a week,25.0,20.0,20.0,20.0,10.0,5.0,8.0,8.0,6.0,8.0,6.0,0.17,0.27
386,Female,European/Caucasian-American,4.0,2.0,To meet new people,Almost never,Twice a week,15.0,10.0,30.0,10.0,15.0,20.0,7.0,8.0,9.0,9.0,9.0,0.42,0.35
387,Female,European/Caucasian-American,5.0,2.0,To meet new people,Almost never,Twice a week,20.0,15.0,25.0,15.0,15.0,10.0,8.0,8.0,8.0,8.0,8.0,0.29,0.27
388,Female,European/Caucasian-American,1.0,6.0,To meet new people,Twice a month,Twice a week,22.0,17.0,15.0,15.0,15.0,16.0,8.0,8.0,7.0,8.0,8.0,0.03,0.35
389,Female,European/Caucasian-American,1.0,1.0,To meet new people,Once a week,Several times a week,20.0,30.0,20.0,20.0,0.0,10.0,8.0,10.0,9.0,7.0,5.0,0.17,0.43
390,Female,Asian/Pacific Islander/Asian-American,1.0,10.0,Other,Twice a month,Once a week,10.0,20.0,20.0,10.0,10.0,30.0,8.0,8.0,8.0,8.0,8.0,0.08,0.44
391,Female,European/Caucasian-American,1.0,5.0,Seemed like a fun night out,Twice a month,Several times a week,35.0,0.0,35.0,10.0,10.0,10.0,8.0,9.0,9.0,9.0,7.0,0.4,0.36
392,Female,European/Caucasian-American,6.0,1.0,To say I did it,Twice a month,Once a week,15.0,20.0,15.0,30.0,10.0,10.0,4.0,7.0,7.0,8.0,7.0,0.42,0.35
393,Female,European/Caucasian-American,4.0,8.0,Seemed like a fun night out,Almost never,Several times a week,8.0,20.0,25.0,25.0,12.0,10.0,7.0,9.0,8.0,8.0,8.0,0.14,0.43
394,Female,European/Caucasian-American,1.0,6.0,To meet new people,Twice a month,Twice a week,18.0,19.0,16.0,15.0,15.0,17.0,9.0,8.0,7.0,7.0,7.0,0.03,0.35
395,Female,European/Caucasian-American,1.0,2.0,To get a date,Twice a month,Twice a week,20.0,20.0,20.0,10.0,10.0,20.0,8.0,8.0,7.0,9.0,7.0,0.2,0.5
396,Female,Asian/Pacific Islander/Asian-American,1.0,5.0,To meet new people,Almost never,Twice a week,15.0,18.0,18.0,18.0,15.0,16.0,8.0,10.0,10.0,10.0,8.0,0.17,0.27
397,Male,European/Caucasian-American,3.0,2.0,To meet new people,Once a month,Twice a week,20.0,21.0,21.0,22.0,6.0,10.0,7.0,7.0,7.0,10.0,9.0,0.17,0.25
398,Male,European/Caucasian-American,7.0,2.0,To meet new people,Once a week,Several times a week,45.0,10.0,10.0,30.0,0.0,5.0,7.0,6.0,10.0,7.0,8.0,0.46,0.4
399,Male,European/Caucasian-American,1.0,1.0,To meet new people,Twice a month,Twice a week,25.0,10.0,20.0,20.0,10.0,15.0,9.0,9.0,9.0,9.0,9.0,0.46,0.4
400,Male,European/Caucasian-American,7.0,7.0,To say I did it,Twice a month,Twice a week,70.0,5.0,20.0,3.0,1.0,1.0,7.0,10.0,6.0,8.0,7.0,0.17,0.26
401,Male,European/Caucasian-American,1.0,1.0,To meet new people,Twice a month,Several times a week,35.0,0.0,25.0,20.0,0.0,20.0,8.0,5.0,7.0,10.0,5.0,0.44,0.49
402,Male,Asian/Pacific Islander/Asian-American,1.0,1.0,To get a date,Twice a month,Twice a week,25.0,20.0,15.0,25.0,10.0,5.0,6.0,8.0,7.0,10.0,9.0,0.46,0.4
403,Male,European/Caucasian-American,6.0,6.0,To say I did it,Once a month,Once a week,20.0,25.0,20.0,15.0,5.0,15.0,4.0,8.0,7.0,9.0,9.0,0.19,0.31
404,Male,European/Caucasian-American,1.0,4.0,To meet new people,Once a month,Twice a week,25.0,14.0,25.0,25.0,3.0,8.0,6.0,9.0,7.0,8.0,8.0,0.18,0.27
405,Male,Black/African American,1.0,1.0,Looking for a serious relationship,Once a month,Once a month,30.0,25.0,20.0,15.0,5.0,5.0,8.0,8.0,10.0,9.0,10.0,0.41,0.53
406,Male,Asian/Pacific Islander/Asian-American,1.0,1.0,Seemed like a fun night out,Several times a year,Twice a week,20.0,20.0,20.0,20.0,20.0,0.0,6.0,7.0,8.0,8.0,9.0,0.3,0.3
407,Male,European/Caucasian-American,1.0,1.0,To get a date,Twice a month,Twice a week,30.0,15.0,15.0,15.0,15.0,10.0,7.0,9.0,8.0,7.0,8.0,0.17,0.25
408,Male,Latino/Hispanic American,1.0,1.0,To meet new people,Almost never,Several times a week,20.0,10.0,20.0,20.0,10.0,20.0,8.0,7.0,10.0,8.0,9.0,0.17,0.25
409,Male,European/Caucasian-American,5.0,5.0,To meet new people,Several times a year,Once a week,20.0,15.0,20.0,20.0,10.0,15.0,7.0,9.0,8.0,9.0,8.0,0.18,0.27
410,Male,European/Caucasian-American,8.0,8.0,Seemed like a fun night out,Once a month,Several times a week,20.0,20.0,20.0,20.0,10.0,10.0,7.0,10.0,6.0,10.0,10.0,0.3,0.3
411,Male,European/Caucasian-American,8.0,2.0,To get a date,Twice a month,Several times a week,35.0,15.0,15.0,25.0,10.0,0.0,8.0,6.0,9.0,7.0,5.0,0.47,0.56
412,Male,European/Caucasian-American,1.0,1.0,Seemed like a fun night out,Once a month,Twice a week,75.0,5.0,5.0,5.0,5.0,5.0,7.0,7.0,8.0,8.0,8.0,0.3,0.3
413,Male,European/Caucasian-American,5.0,3.0,Seemed like a fun night out,,Twice a week,10.0,10.0,30.0,30.0,5.0,15.0,7.0,9.0,7.0,8.0,6.0,0.25,0.26
414,Male,European/Caucasian-American,2.0,10.0,Other,Several times a week,Several times a week,95.0,1.0,1.0,1.0,1.0,1.0,,,,,,0.17,0.4
415,Male,European/Caucasian-American,3.0,1.0,Seemed like a fun night out,Twice a month,Twice a week,10.0,20.0,40.0,10.0,10.0,10.0,7.0,8.0,4.0,10.0,8.0,0.33,0.49
416,Female,Latino/Hispanic American,3.0,3.0,Other,Twice a month,Several times a week,15.0,20.0,30.0,20.0,5.0,10.0,,,,,,0.42,0.31
417,Female,European/Caucasian-American,1.0,1.0,Seemed like a fun night out,Once a month,Once a week,20.0,20.0,20.0,10.0,10.0,20.0,7.0,8.0,4.0,8.0,8.0,0.42,0.38
418,Female,Asian/Pacific Islander/Asian-American,7.0,3.0,Other,Almost never,Twice a week,15.0,25.0,20.0,15.0,10.0,15.0,7.0,9.0,7.0,8.0,5.0,0.42,0.31
419,Female,European/Caucasian-American,0.0,1.0,Looking for a serious relationship,Twice a week,Several times a week,5.0,30.0,20.0,10.0,5.0,30.0,9.0,8.0,5.0,9.0,3.0,0.58,0.44
420,Female,European/Caucasian-American,1.0,1.0,To say I did it,Twice a month,Twice a week,10.0,10.0,40.0,10.0,15.0,15.0,8.0,9.0,7.0,10.0,7.0,0.5,0.46
421,Female,Asian/Pacific Islander/Asian-American,5.0,5.0,Seemed like a fun night out,Twice a month,Once a week,20.0,10.0,30.0,20.0,10.0,10.0,7.0,7.0,6.0,6.0,6.0,0.42,0.31
422,Male,European/Caucasian-American,6.0,7.0,To meet new people,Twice a month,Twice a week,30.0,25.0,20.0,10.0,10.0,5.0,8.0,10.0,8.0,8.0,8.0,0.44,0.33
423,Male,European/Caucasian-American,1.0,1.0,To meet new people,Twice a month,Several times a week,30.0,20.0,30.0,10.0,5.0,5.0,7.0,9.0,8.0,9.0,9.0,0.57,0.48
424,Male,Asian/Pacific Islander/Asian-American,4.0,4.0,To meet new people,Several times a year,Once a week,17.0,16.0,17.0,17.0,17.0,16.0,7.0,7.0,7.0,7.0,7.0,0.33,0.33
425,Male,European/Caucasian-American,3.0,7.0,To meet new people,Twice a month,Twice a week,16.0,25.0,20.0,12.0,12.0,15.0,6.0,9.0,6.0,9.0,9.0,0.5,0.44
426,Male,European/Caucasian-American,4.0,7.0,To meet new people,Twice a week,Several times a week,25.0,7.0,35.0,20.0,8.0,5.0,8.0,8.0,8.0,10.0,9.0,0.33,0.33
427,Male,European/Caucasian-American,1.0,1.0,Seemed like a fun night out,Almost never,Once a week,20.0,20.0,20.0,20.0,20.0,20.0,7.0,10.0,8.0,7.0,9.0,0.5,0.44
428,Male,Asian/Pacific Islander/Asian-American,8.0,8.0,To get a date,Twice a week,Several times a week,60.0,10.0,10.0,10.0,10.0,0.0,8.0,8.0,7.0,9.0,9.0,0.42,0.33
429,Male,European/Caucasian-American,1.0,1.0,To meet new people,Twice a week,Twice a week,55.0,10.0,15.0,15.0,5.0,0.0,8.0,8.0,9.0,9.0,8.0,0.42,0.33
430,Female,Asian/Pacific Islander/Asian-American,3.0,10.0,Seemed like a fun night out,Several times a year,Twice a week,10.0,25.0,15.0,20.0,15.0,15.0,5.0,8.0,8.0,5.0,8.0,0.17,0.51
431,Female,Asian/Pacific Islander/Asian-American,5.0,8.0,To meet new people,Almost never,Once a week,15.0,15.0,25.0,15.0,15.0,15.0,7.0,10.0,7.0,9.0,10.0,0.61,0.39
432,Female,European/Caucasian-American,1.0,1.0,Looking for a serious relationship,Several times a year,Once a week,15.0,30.0,30.0,10.0,10.0,5.0,7.0,8.0,8.0,8.0,8.0,0.52,0.4
433,Female,Other,3.0,3.0,To meet new people,Several times a year,Once a week,20.0,20.0,20.0,20.0,10.0,10.0,8.0,6.0,7.0,8.0,5.0,0.63,0.45
434,Female,European/Caucasian-American,2.0,2.0,Seemed like a fun night out,Twice a month,Twice a week,30.0,15.0,15.0,30.0,0.0,10.0,7.0,7.0,8.0,6.0,4.0,0.61,0.39
435,Female,Black/African American,1.0,1.0,Seemed like a fun night out,Almost never,Twice a week,25.0,5.0,20.0,25.0,15.0,10.0,7.0,9.0,9.0,9.0,9.0,0.17,0.51
436,Female,European/Caucasian-American,9.0,1.0,Seemed like a fun night out,Several times a year,Several times a week,28.0,8.0,17.0,22.0,17.0,8.0,9.0,8.0,10.0,7.0,6.0,0.14,0.48
437,Female,European/Caucasian-American,2.0,6.0,Seemed like a fun night out,Twice a month,Several times a week,15.0,15.0,18.0,18.0,14.0,20.0,7.0,9.0,9.0,9.0,8.0,0.14,0.48
438,Female,European/Caucasian-American,1.0,5.0,Seemed like a fun night out,Twice a month,Several times a week,14.0,15.0,16.0,17.0,18.0,20.0,7.0,8.0,7.0,7.0,7.0,0.14,0.48
439,Female,European/Caucasian-American,1.0,5.0,To meet new people,Once a week,Twice a week,20.0,10.0,50.0,5.0,10.0,5.0,8.0,8.0,7.0,7.0,7.0,0.58,0.42
440,Male,European/Caucasian-American,8.0,2.0,Seemed like a fun night out,Almost never,Twice a week,35.0,5.0,30.0,20.0,5.0,5.0,8.0,8.0,9.0,9.0,9.0,0.08,0.42
441,Male,European/Caucasian-American,4.0,2.0,To meet new people,Almost never,Several times a week,35.0,10.0,25.0,20.0,5.0,5.0,8.0,7.0,8.0,9.0,8.0,0.07,0.36
442,Male,European/Caucasian-American,1.0,1.0,Looking for a serious relationship,Several times a year,Several times a week,40.0,10.0,0.0,45.0,0.0,5.0,7.0,9.0,8.0,8.0,9.0,0.11,0.27
443,Male,Latino/Hispanic American,1.0,3.0,To meet new people,Several times a year,Twice a week,30.0,25.0,10.0,20.0,0.0,15.0,7.0,10.0,9.0,7.0,7.0,0.47,0.56
444,Male,European/Caucasian-American,5.0,1.0,To meet new people,Twice a month,Twice a week,50.0,10.0,10.0,30.0,0.0,0.0,8.0,7.0,9.0,8.0,7.0,0.56,0.6
445,Male,European/Caucasian-American,1.0,1.0,To meet new people,Once a month,Twice a week,40.0,12.0,18.0,12.0,6.0,12.0,9.0,8.0,7.0,10.0,7.0,0.5,0.57
446,Male,Latino/Hispanic American,2.0,2.0,Seemed like a fun night out,Twice a month,Once a week,30.0,20.0,25.0,15.0,10.0,0.0,6.0,8.0,9.0,7.0,5.0,0.44,0.53
447,Male,Asian/Pacific Islander/Asian-American,1.0,1.0,Seemed like a fun night out,Almost never,Twice a week,15.0,30.0,25.0,20.0,0.0,10.0,6.0,10.0,6.0,7.0,4.0,0.56,0.6
448,Male,European/Caucasian-American,1.0,1.0,Seemed like a fun night out,Twice a week,Several times a week,25.0,15.0,25.0,25.0,5.0,5.0,8.0,9.0,8.0,9.0,10.0,0.08,0.42
449,Male,Other,7.0,1.0,Seemed like a fun night out,Once a week,Several times a week,55.0,2.0,1.0,40.0,1.0,1.0,7.0,10.0,10.0,10.0,8.0,0.05,0.4
450,Male,European/Caucasian-American,3.0,7.0,To meet new people,Several times a year,Twice a week,50.0,5.0,5.0,5.0,5.0,30.0,9.0,6.0,7.0,10.0,10.0,0.0,0.27
451,Male,Asian/Pacific Islander/Asian-American,3.0,1.0,To meet new people,Once a week,Once a week,20.0,40.0,5.0,20.0,5.0,10.0,2.0,4.0,4.0,4.0,4.0,0.5,0.57
452,Male,Asian/Pacific Islander/Asian-American,7.0,1.0,Seemed like a fun night out,Once a month,Once a week,35.0,30.0,25.0,5.0,0.0,5.0,7.0,8.0,7.0,10.0,8.0,0.43,0.54
453,Male,Asian/Pacific Islander/Asian-American,4.0,3.0,To meet new people,Several times a year,Once a month,30.0,30.0,30.0,5.0,0.0,5.0,5.0,6.0,7.0,8.0,5.0,0.73,0.56
454,Female,European/Caucasian-American,3.0,3.0,To meet new people,Almost never,Once a week,10.0,20.0,20.0,20.0,10.0,20.0,8.0,9.0,9.0,9.0,7.0,0.56,0.72
455,Female,Asian/Pacific Islander/Asian-American,5.0,5.0,Seemed like a fun night out,Several times a year,Twice a week,10.0,25.0,20.0,16.0,20.0,9.0,7.0,9.0,9.0,8.0,8.0,0.42,0.54
456,Female,Asian/Pacific Islander/Asian-American,3.0,2.0,To meet new people,Several times a year,Several times a week,25.0,20.0,15.0,10.0,15.0,15.0,8.0,8.0,6.0,7.0,7.0,0.5,0.58
457,Female,Asian/Pacific Islander/Asian-American,1.0,1.0,Other,Almost never,Once a week,25.0,0.0,25.0,25.0,0.0,25.0,7.0,6.0,7.0,8.0,3.0,0.2,0.43
458,Female,Asian/Pacific Islander/Asian-American,9.0,8.0,Seemed like a fun night out,Twice a month,Several times a week,50.0,5.0,25.0,20.0,0.0,0.0,10.0,10.0,9.0,10.0,10.0,0.5,0.58
459,Female,Asian/Pacific Islander/Asian-American,6.0,1.0,Seemed like a fun night out,Once a month,Once a week,30.0,10.0,10.0,30.0,10.0,10.0,5.0,5.0,5.0,5.0,8.0,0.44,0.61
460,Male,European/Caucasian-American,2.0,1.0,Seemed like a fun night out,Twice a month,Twice a week,20.0,10.0,20.0,15.0,15.0,20.0,8.0,8.0,7.0,9.0,7.0,0.09,0.26
461,Male,Other,2.0,2.0,Seemed like a fun night out,Almost never,Twice a month,40.0,20.0,20.0,10.0,10.0,0.0,6.0,8.0,9.0,8.0,7.0,0.06,0.21
462,Male,Asian/Pacific Islander/Asian-American,1.0,5.0,Looking for a serious relationship,Several times a year,Several times a year,30.0,30.0,10.0,10.0,0.0,20.0,4.0,9.0,6.0,8.0,2.0,0.09,0.26
463,Male,Asian/Pacific Islander/Asian-American,3.0,2.0,To meet new people,Almost never,Several times a week,15.0,15.0,15.0,15.0,15.0,25.0,6.0,7.0,7.0,8.0,7.0,0.08,0.25
464,Male,Asian/Pacific Islander/Asian-American,1.0,1.0,Seemed like a fun night out,Once a week,Several times a week,15.0,15.0,15.0,20.0,15.0,20.0,5.0,8.0,8.0,9.0,10.0,0.09,0.26
465,Male,European/Caucasian-American,1.0,3.0,Other,Almost never,Once a week,20.0,20.0,20.0,20.0,20.0,0.0,7.0,10.0,8.0,7.0,5.0,0.08,0.25
466,Female,European/Caucasian-American,1.0,1.0,Other,Almost never,Several times a week,10.0,20.0,20.0,15.0,20.0,15.0,7.0,9.0,7.0,8.0,8.0,0.62,0.62
467,Female,European/Caucasian-American,7.0,4.0,Other,Twice a week,Several times a week,20.0,20.0,20.0,20.0,20.0,0.0,8.0,8.0,8.0,8.0,8.0,0.62,0.62
468,Female,Other,5.0,2.0,Seemed like a fun night out,Several times a year,Once a week,15.0,25.0,15.0,15.0,15.0,15.0,8.0,9.0,6.0,8.0,8.0,0.5,0.56
469,Female,Asian/Pacific Islander/Asian-American,1.0,1.0,To meet new people,Once a week,Several times a week,20.0,10.0,20.0,20.0,10.0,20.0,8.0,8.0,8.0,6.0,6.0,0.5,0.56
470,Female,Asian/Pacific Islander/Asian-American,1.0,1.0,Seemed like a fun night out,Twice a month,Twice a week,10.0,20.0,25.0,25.0,10.0,10.0,4.0,9.0,5.0,8.0,6.0,0.07,0.24
471,Female,Asian/Pacific Islander/Asian-American,8.0,8.0,To meet new people,Once a month,Once a week,15.0,15.0,25.0,10.0,15.0,20.0,7.0,8.0,8.0,9.0,9.0,0.07,0.24
472,Female,Latino/Hispanic American,1.0,3.0,To meet new people,Twice a month,Twice a week,10.0,25.0,25.0,20.0,10.0,10.0,8.0,10.0,10.0,8.0,9.0,0.5,0.56
473,Female,Asian/Pacific Islander/Asian-American,1.0,1.0,To meet new people,Several times a year,Twice a month,15.0,20.0,20.0,15.0,15.0,15.0,7.0,9.0,8.0,10.0,7.0,0.25,0.31
474,Female,Black/African American,1.0,1.0,Seemed like a fun night out,Several times a year,Once a month,15.0,20.0,10.0,30.0,5.0,20.0,9.0,9.0,10.0,8.0,7.0,0.1,0.24
475,Female,Latino/Hispanic American,1.0,2.0,Seemed like a fun night out,Several times a year,Twice a week,10.0,15.0,30.0,10.0,15.0,20.0,5.0,8.0,5.0,7.0,7.0,0.17,0.36
476,Female,European/Caucasian-American,1.0,3.0,To say I did it,Once a month,Twice a week,20.0,20.0,20.0,15.0,15.0,10.0,7.0,9.0,5.0,7.0,6.0,0.5,0.56
477,Female,Latino/Hispanic American,5.0,7.0,Seemed like a fun night out,Twice a month,Twice a week,16.0,19.0,16.0,17.0,15.0,17.0,6.0,8.0,7.0,7.0,7.0,0.17,0.36
478,Female,European/Caucasian-American,4.0,4.0,Seemed like a fun night out,Twice a month,Several times a week,20.0,20.0,10.0,20.0,10.0,20.0,7.0,8.0,9.0,8.0,7.0,0.25,0.43
479,Female,European/Caucasian-American,3.0,3.0,Seemed like a fun night out,Twice a month,Once a week,15.0,15.0,20.0,20.0,15.0,15.0,8.0,8.0,8.0,8.0,8.0,0.17,0.36
480,Female,European/Caucasian-American,4.0,6.0,Seemed like a fun night out,Twice a month,Several times a week,16.0,18.0,18.0,20.0,12.0,16.0,8.0,9.0,10.0,8.0,7.0,0.25,0.43
481,Male,European/Caucasian-American,8.0,1.0,To meet new people,Once a week,Twice a week,25.0,20.0,15.0,20.0,5.0,15.0,8.0,7.0,8.0,9.0,5.0,0.07,0.29
482,Male,European/Caucasian-American,2.0,6.0,To meet new people,Several times a year,Several times a week,20.0,10.0,22.0,20.0,15.0,13.0,7.0,10.0,9.0,8.0,8.0,0.67,0.6
483,Male,European/Caucasian-American,1.0,1.0,Other,Once a week,Several times a week,40.0,20.0,20.0,20.0,0.0,0.0,8.0,10.0,10.0,10.0,10.0,0.47,0.31
484,Male,Asian/Pacific Islander/Asian-American,1.0,1.0,Seemed like a fun night out,Several times a year,Twice a month,16.0,16.0,20.0,16.0,16.0,16.0,4.0,8.0,2.0,9.0,9.0,0.61,0.58
485,Male,Black/African American,4.0,3.0,To meet new people,Several times a year,Twice a week,20.0,15.0,20.0,15.0,15.0,15.0,8.0,8.0,7.0,8.0,7.0,0.87,0.6
486,Male,Latino/Hispanic American,1.0,1.0,To get a date,Several times a year,Twice a week,20.0,20.0,20.0,15.0,10.0,15.0,7.0,10.0,8.0,9.0,9.0,0.61,0.56
487,Male,Asian/Pacific Islander/Asian-American,1.0,1.0,Seemed like a fun night out,Once a month,Once a week,25.0,26.0,15.0,10.0,9.0,15.0,7.0,9.0,6.0,8.0,5.0,0.07,0.29
488,Male,Asian/Pacific Islander/Asian-American,1.0,1.0,To get a date,Twice a week,Once a week,15.0,20.0,20.0,20.0,5.0,20.0,5.0,10.0,7.0,10.0,8.0,0.87,0.6
489,Male,European/Caucasian-American,6.0,5.0,To get a date,Twice a week,Several times a week,20.0,10.0,20.0,20.0,20.0,0.0,6.0,8.0,8.0,9.0,10.0,0.4,0.31
490,Male,European/Caucasian-American,6.0,1.0,To meet new people,Several times a year,Once a week,30.0,15.0,20.0,10.0,10.0,15.0,3.0,7.0,6.0,8.0,6.0,0.53,0.6
491,Male,Latino/Hispanic American,3.0,3.0,To meet new people,Twice a month,Several times a week,30.0,10.0,25.0,20.0,8.0,7.0,7.0,7.0,7.0,7.0,7.0,0.67,0.6
492,Male,Other,1.0,1.0,To meet new people,Twice a month,Twice a week,30.0,0.0,30.0,30.0,10.0,0.0,10.0,10.0,10.0,10.0,10.0,0.56,0.6
493,Male,Asian/Pacific Islander/Asian-American,1.0,1.0,To say I did it,Several times a year,Once a month,30.0,10.0,10.0,30.0,10.0,10.0,7.0,7.0,8.0,8.0,8.0,0.07,0.29
494,Male,European/Caucasian-American,2.0,8.0,Looking for a serious relationship,Once a week,Once a week,25.0,25.0,25.0,25.0,0.0,0.0,9.0,10.0,10.0,10.0,7.0,0.67,0.6
495,Male,Other,5.0,6.0,To meet new people,Twice a week,Several times a week,20.0,20.0,20.0,15.0,15.0,10.0,7.0,7.0,7.0,8.0,9.0,0.44,0.56
496,Female,Asian/Pacific Islander/Asian-American,1.0,1.0,Seemed like a fun night out,Once a month,Twice a week,20.0,30.0,20.0,20.0,10.0,0.0,5.0,8.0,6.0,9.0,8.0,0.18,0.26
497,Female,European/Caucasian-American,5.0,5.0,Seemed like a fun night out,Almost never,Several times a week,10.0,20.0,20.0,20.0,20.0,10.0,8.0,10.0,10.0,9.0,8.0,0.14,0.23
498,Female,European/Caucasian-American,9.0,9.0,Seemed like a fun night out,Twice a month,Several times a week,18.0,18.0,18.0,18.0,18.0,10.0,8.0,9.0,10.0,9.0,10.0,0.12,0.23
499,Female,European/Caucasian-American,1.0,9.0,To say I did it,Twice a month,Several times a week,19.0,19.0,19.0,19.0,5.0,19.0,9.0,10.0,9.0,10.0,4.0,0.07,0.27
500,Female,Black/African American,7.0,9.0,Seemed like a fun night out,Once a month,Once a week,10.0,15.0,35.0,15.0,10.0,15.0,8.0,9.0,9.0,9.0,9.0,0.12,0.23
501,Female,European/Caucasian-American,7.0,4.0,To say I did it,Twice a month,Once a week,30.0,10.0,20.0,10.0,10.0,20.0,8.0,9.0,8.0,9.0,9.0,0.1,0.27
502,Male,Asian/Pacific Islander/Asian-American,1.0,1.0,Seemed like a fun night out,Once a week,Twice a week,40.0,20.0,20.0,20.0,0.0,0.0,7.0,7.0,9.0,9.0,9.0,0.44,0.39
503,Male,European/Caucasian-American,1.0,5.0,To say I did it,Several times a year,Once a month,30.0,30.0,40.0,0.0,0.0,0.0,7.0,9.0,4.0,10.0,5.0,0.5,0.42
504,Male,European/Caucasian-American,1.0,1.0,To meet new people,Once a month,Twice a week,30.0,0.0,30.0,15.0,15.0,10.0,7.0,5.0,6.0,8.0,8.0,0.44,0.61
505,Male,Asian/Pacific Islander/Asian-American,1.0,1.0,To get a date,Twice a month,Several times a week,20.0,14.0,18.0,16.0,16.0,16.0,9.0,10.0,8.0,10.0,10.0,0.44,0.39
506,Male,Asian/Pacific Islander/Asian-American,5.0,5.0,Seemed like a fun night out,Almost never,Twice a week,15.0,15.0,20.0,15.0,15.0,20.0,5.0,8.0,7.0,9.0,10.0,0.5,0.58
507,Male,Asian/Pacific Islander/Asian-American,1.0,1.0,To say I did it,Almost never,Once a week,20.0,20.0,20.0,20.0,20.0,0.0,7.0,8.0,7.0,8.0,7.0,0.5,0.58
508,Male,Asian/Pacific Islander/Asian-American,1.0,5.0,To get a date,Once a month,Several times a week,18.0,10.0,18.0,18.0,18.0,18.0,7.0,8.0,8.0,9.0,8.0,0.44,0.39
509,Female,Asian/Pacific Islander/Asian-American,2.0,2.0,To meet new people,Twice a month,Twice a week,10.0,20.0,30.0,10.0,10.0,20.0,5.0,6.0,4.0,8.0,9.0,0.33,0.55
510,Female,Latino/Hispanic American,3.0,3.0,To meet new people,Almost never,Twice a week,25.0,25.0,25.0,12.0,3.0,10.0,7.0,9.0,6.0,8.0,4.0,0.33,0.44
511,Female,Asian/Pacific Islander/Asian-American,2.0,2.0,To meet new people,Almost never,Once a week,20.0,10.0,10.0,30.0,15.0,15.0,8.0,4.0,10.0,8.0,8.0,0.22,0.34
512,Female,European/Caucasian-American,1.0,1.0,Seemed like a fun night out,Once a week,Twice a week,20.0,20.0,20.0,20.0,5.0,15.0,7.0,8.0,8.0,7.0,7.0,0.0,0.0
513,Female,European/Caucasian-American,1.0,1.0,To meet new people,Several times a year,Twice a month,20.0,20.0,20.0,20.0,5.0,15.0,6.0,8.0,7.0,6.0,4.0,0.33,0.34
514,Female,European/Caucasian-American,8.0,9.0,To meet new people,Twice a month,Once a week,20.0,20.0,20.0,15.0,5.0,20.0,8.0,10.0,8.0,9.0,7.0,0.37,0.34
515,Female,European/Caucasian-American,8.0,5.0,Seemed like a fun night out,Several times a year,Once a week,20.0,20.0,20.0,15.0,10.0,15.0,8.0,10.0,8.0,10.0,8.0,0.37,0.34
516,Female,Asian/Pacific Islander/Asian-American,9.0,3.0,To meet new people,Several times a year,Once a week,58.0,5.0,8.0,10.0,7.0,12.0,8.0,9.0,9.0,8.0,8.0,0.33,0.58
517,Female,Latino/Hispanic American,1.0,1.0,To say I did it,Once a month,Once a week,15.0,20.0,20.0,20.0,5.0,10.0,8.0,9.0,7.0,9.0,7.0,0.21,0.53
518,Female,European/Caucasian-American,2.0,1.0,To say I did it,Almost never,Twice a week,20.0,25.0,25.0,30.0,5.0,5.0,6.0,9.0,8.0,8.0,7.0,0.33,0.34
519,Female,European/Caucasian-American,8.0,9.0,To meet new people,Twice a month,Twice a week,40.0,5.0,30.0,15.0,5.0,5.0,8.0,10.0,9.0,9.0,10.0,0.5,0.44
520,Female,Other,2.0,1.0,Seemed like a fun night out,Almost never,Several times a week,25.0,15.0,25.0,15.0,10.0,10.0,8.0,9.0,7.0,8.0,5.0,0.33,0.55
521,Female,European/Caucasian-American,3.0,1.0,Seemed like a fun night out,Once a week,Several times a week,10.0,30.0,20.0,15.0,15.0,10.0,7.0,9.0,9.0,8.0,8.0,0.11,0.44
522,Female,European/Caucasian-American,3.0,6.0,Seemed like a fun night out,Several times a year,Twice a week,10.0,20.0,15.0,20.0,15.0,20.0,7.0,7.0,7.0,9.0,8.0,0.37,0.39
523,Female,Asian/Pacific Islander/Asian-American,3.0,2.0,To meet new people,Twice a month,Once a week,10.0,25.0,20.0,20.0,5.0,20.0,6.0,9.0,8.0,9.0,6.0,0.33,0.58
524,Female,Asian/Pacific Islander/Asian-American,9.0,6.0,To meet new people,Almost never,Twice a month,15.0,20.0,25.0,20.0,10.0,10.0,5.0,9.0,7.0,8.0,7.0,0.38,0.36
525,Female,European/Caucasian-American,2.0,8.0,To meet new people,Twice a month,Several times a week,10.0,15.0,30.0,20.0,15.0,10.0,6.0,10.0,8.0,10.0,9.0,0.38,0.33
526,Female,Latino/Hispanic American,5.0,2.0,Seemed like a fun night out,Once a month,Once a week,10.0,10.0,30.0,20.0,10.0,15.0,3.0,6.0,9.0,7.0,10.0,0.33,0.44
527,Female,Other,5.0,5.0,Seemed like a fun night out,Twice a month,Once a week,50.0,20.0,10.0,5.0,10.0,5.0,10.0,10.0,10.0,10.0,10.0,0.38,0.33
528,Female,Latino/Hispanic American,8.0,7.0,To meet new people,Several times a year,Several times a week,40.0,10.0,30.0,10.0,10.0,0.0,9.0,6.0,8.0,8.0,8.0,0.29,0.53
529,Female,Asian/Pacific Islander/Asian-American,4.0,1.0,To meet new people,Twice a month,Several times a week,10.0,25.0,25.0,10.0,10.0,20.0,6.0,10.0,9.0,7.0,5.0,0.4,0.39
530,Female,Asian/Pacific Islander/Asian-American,1.0,1.0,To meet new people,Almost never,Once a week,20.0,20.0,10.0,15.0,5.0,30.0,3.0,9.0,9.0,9.0,7.0,0.27,0.39
531,Male,Asian/Pacific Islander/Asian-American,5.0,1.0,To meet new people,Almost never,Twice a week,15.0,30.0,20.0,20.0,10.0,5.0,10.0,10.0,6.0,10.0,10.0,0.27,0.41
532,Male,Asian/Pacific Islander/Asian-American,8.0,3.0,Seemed like a fun night out,Twice a week,Twice a week,25.0,20.0,20.0,20.0,5.0,10.0,7.0,9.0,7.0,8.0,8.0,0.33,0.52
533,Male,European/Caucasian-American,1.0,1.0,To meet new people,Several times a year,Twice a week,25.0,25.0,25.0,13.0,12.0,0.0,8.0,9.0,8.0,9.0,9.0,0.42,0.52
534,Male,Other,1.0,1.0,To get a date,Once a month,Several times a year,30.0,30.0,30.0,5.0,2.0,3.0,7.0,9.0,8.0,9.0,5.0,0.22,0.35
535,Male,European/Caucasian-American,5.0,6.0,Seemed like a fun night out,Once a month,Once a week,23.0,14.0,19.0,16.0,10.0,18.0,6.0,7.0,6.0,7.0,5.0,0.14,0.33
536,Male,European/Caucasian-American,1.0,1.0,Seemed like a fun night out,Once a month,Twice a week,30.0,20.0,20.0,20.0,10.0,0.0,7.0,8.0,8.0,8.0,8.0,0.24,0.55
537,Male,Asian/Pacific Islander/Asian-American,7.0,1.0,Seemed like a fun night out,Once a month,Several times a week,20.0,5.0,25.0,25.0,5.0,20.0,7.0,9.0,9.0,9.0,7.0,0.25,0.38
538,Male,European/Caucasian-American,1.0,1.0,Seemed like a fun night out,Twice a month,Twice a week,50.0,0.0,10.0,30.0,0.0,10.0,7.0,8.0,9.0,8.0,8.0,0.22,0.63
539,Male,European/Caucasian-American,6.0,6.0,Seemed like a fun night out,Twice a month,Several times a week,30.0,10.0,20.0,15.0,15.0,10.0,8.0,8.0,9.0,10.0,10.0,0.12,0.38
540,Male,European/Caucasian-American,5.0,1.0,Seemed like a fun night out,Almost never,Twice a month,20.0,15.0,20.0,20.0,15.0,10.0,5.0,7.0,6.0,5.0,7.0,0.17,0.35
541,Male,Asian/Pacific Islander/Asian-American,2.0,2.0,To get a date,Almost never,Once a week,40.0,30.0,0.0,20.0,0.0,10.0,8.0,9.0,9.0,9.0,8.0,0.24,0.33
542,Male,Asian/Pacific Islander/Asian-American,7.0,1.0,To meet new people,Once a month,Once a week,25.0,15.0,20.0,20.0,10.0,10.0,8.0,9.0,8.0,8.0,9.0,0.19,0.33
543,Male,Asian/Pacific Islander/Asian-American,9.0,6.0,Seemed like a fun night out,Almost never,Twice a week,20.0,16.0,16.0,17.0,16.0,15.0,7.0,9.0,9.0,8.0,9.0,0.06,0.35
544,Male,Asian/Pacific Islander/Asian-American,3.0,8.0,Seemed like a fun night out,Almost never,Once a week,15.0,25.0,20.0,10.0,10.0,20.0,7.0,10.0,10.0,9.0,8.0,0.14,0.33
545,Male,European/Caucasian-American,7.0,1.0,Seemed like a fun night out,Almost never,Twice a week,20.0,20.0,20.0,20.0,10.0,10.0,8.0,8.0,8.0,9.0,6.0,0.17,0.35
546,Male,European/Caucasian-American,3.0,4.0,To meet new people,Twice a month,Several times a week,35.0,10.0,20.0,25.0,5.0,5.0,9.0,8.0,10.0,8.0,7.0,0.21,0.59
547,Male,European/Caucasian-American,1.0,1.0,To meet new people,Once a week,Several times a week,25.0,20.0,20.0,20.0,0.0,15.0,7.0,9.0,8.0,8.0,8.0,0.21,0.59
548,Male,European/Caucasian-American,8.0,8.0,Seemed like a fun night out,Several times a year,Several times a week,40.0,10.0,20.0,10.0,0.0,20.0,10.0,10.0,10.0,10.0,10.0,0.46,0.59
549,Male,European/Caucasian-American,2.0,3.0,Seemed like a fun night out,Almost never,Several times a week,20.0,20.0,20.0,20.0,0.0,20.0,7.0,10.0,8.0,9.0,9.0,0.28,0.52
550,Male,European/Caucasian-American,5.0,6.0,To meet new people,Twice a month,Several times a week,30.0,3.0,30.0,30.0,3.0,4.0,7.0,7.0,7.0,7.0,7.0,0.29,0.59
551,Male,Black/African American,2.0,1.0,Seemed like a fun night out,Several times a year,Once a week,40.0,20.0,20.0,20.0,0.0,0.0,7.0,8.0,3.0,8.0,5.0,0.2,0.5
552,Male,European/Caucasian-American,1.0,1.0,Seemed like a fun night out,Twice a week,Several times a week,70.0,0.0,15.0,15.0,0.0,0.0,8.0,7.0,6.0,7.0,7.0,0.2,0.41
